Generation,Performance_p_m_0.1,Diversity_p_m_0.1,Performance_p_m_0.25,Diversity_p_m_0.25,Performance_p_m_0.5,Diversity_p_m_0.5,Performance_p_m_0.75,Diversity_p_m_0.75,Performance_p_m_0.9,Diversity_p_m_0.9
0,18.112833331665,14.071271785723013,18.415066444874135,14.229703607003023,18.33281742418595,14.147724406981297,17.235654017469447,14.018737149797753,18.216402530352912,14.177351918158598
1,19.72069969676371,14.149423543412377,20.207962942636588,14.306247398102125,20.057770749435775,14.301196306483524,18.752571420224395,14.11493419216469,20.01838917078597,14.303541441021421
2,21.3308554799267,14.283211903136339,22.5032967898735,14.383083407561934,22.132281465363203,14.3168162529659,20.563084222148447,14.210692275245002,21.855249700477227,14.371647194456054
3,23.286761191670887,14.300870906819695,24.533600696485692,14.443787925051337,24.129512084448148,14.381459937019429,22.71484542765569,14.240957289344058,23.939129554258695,14.412800025763104
4,24.144773199821277,14.202046790889382,25.190859877757013,14.337749056908832,26.068999122018656,14.373127154828206,24.67731002310766,14.159269120926991,26.082055880700793,14.430543786182591
5,26.467743260129375,14.101864974850841,27.770011603167763,14.278123481562218,28.135399039652693,14.449920006375919,25.122489514399604,14.116142499342367,28.467972101424888,14.523096004985996
6,28.65533029882263,14.055170591600346,29.737428389045533,14.281078698783519,30.405619580249557,14.370277731852553,27.150511465741438,14.093333762912685,29.12042307431827,14.435325669323413
7,30.701022093416228,13.986360897927945,32.06865712736864,14.308043518790882,32.3048380356366,14.305940316359374,29.4313348997513,14.056249658299182,29.66949206210162,14.302846576531559
8,32.73445782462258,13.955831768955242,34.03490556696438,14.230243301141783,34.33454293010151,14.21487543057495,31.4330755569734,13.971912185789956,31.869341877591356,14.172513159042275
9,34.79921820661859,14.00613911930696,36.29855125838535,14.103121494273216,36.40143470086836,14.11154410986758,32.202709432158166,13.752491471339937,33.7550802852279,14.133938423916446
10,36.56079460237106,14.153541539313762,38.702586883618025,13.782162430923163,38.710205647690756,13.870767232829996,34.064522736352046,13.687234989276869,35.875151964486236,14.085583033316132
11,38.19179023512645,14.40376673238845,39.519643975769924,13.571424704419655,40.210324692858855,13.860368153228974,35.823154135988965,13.710496891461778,37.65432876086426,13.848564834772636
12,39.851974341375,14.444345980744087,41.36696876206805,13.21421019974377,40.83221205621545,13.710848760398504,36.89962574873021,13.493941883242714,39.50383267282396,13.565538106121478
13,41.48389178562819,14.462074471418992,43.25308631072858,12.84865299827591,42.56263981181926,13.460048684241519,39.07674890163653,13.287597762679548,41.03427803089263,13.32869722759248
14,42.09324897538588,14.32322297720034,44.73105780634738,12.470102435283826,43.217274132739085,13.24453451846675,39.675405584671,13.151012092313543,42.33309392504184,13.119525941771764
15,44.22947159961269,14.00476219692622,45.92907934507747,12.1369543486403,44.47041806856005,13.043966650505013,41.307068871653115,13.131511535923366,43.80961679895017,12.804462086267835
16,45.517750236401945,13.768836505969318,46.335944362457454,11.962892020981004,45.67385399888489,12.711911176422541,41.46510840304002,13.092383326585006,44.26280883668437,12.630389099433662
17,46.892256956674885,13.372212571928882,46.825390978644776,11.753106826737488,46.95251923582077,12.350170851135369,43.01262376394438,13.07675491880959,45.631458321021015,12.248021730569457
18,48.06172288257064,12.94771842191063,48.47966164228252,11.154928673738082,48.31315231163525,12.034518288082337,44.61071555780822,12.866954168498353,46.95949444309468,11.946199064872152
19,49.35062292988804,12.473649121473898,49.74503045159728,10.759902937227041,48.73540375936613,11.806020770788079,45.85324845148089,12.79737131477273,47.99320986804481,11.676717084637355
20,50.00031894604617,12.22627074718543,50.7101056212779,10.518167306251492,49.98602603260285,11.453195377150793,46.10876612233369,12.664305835665047,48.91188008888807,11.429037410647597
21,51.054897512814286,11.773378329326993,51.09791084823824,10.259477444811063,50.35326695085974,11.287050322719919,46.1042256595723,12.546406423028593,49.934955317734854,11.093610917625774
22,51.3273309381831,11.606578796898882,52.062888262728116,9.79237588082192,51.09105249290641,11.229463759300948,47.49352851597866,12.357218839988903,50.37772700686291,10.837584214489715
23,51.594348675769695,11.417372422443096,52.85361522960627,9.55524951940083,52.236318867461144,10.76394933449049,48.65813040936741,12.13612270984695,51.40087640008462,10.481489697509234
24,52.381788875720495,11.215648154040375,53.1964463365765,9.248730435802747,52.967026203371226,10.605215485685946,49.540225625606105,11.986018422030478,52.255324986955145,10.045293255440244
25,53.22065906296214,10.97495336903584,53.75721404315978,9.068886338808143,53.05316003519909,10.480405759153713,49.801345575086984,11.582393048342771,53.354678859754436,9.596316294648902
26,53.544886028725934,10.750084133957664,54.39262651714648,8.827498313124037,53.38710243941807,10.241167064470725,50.86958096215883,11.238983977472307,53.654588359583144,9.249759465500011
27,54.19035045397053,10.412705319699997,55.00208681275884,8.61936477793581,54.096145185218326,10.02101374727606,51.06055693591473,11.101697382514873,54.37179069635481,8.97551263652992
28,54.9034470403773,10.00336796217175,55.55174002669757,8.342802613699156,54.780878165049494,9.652388327931124,51.624250204783664,10.80622910217218,54.7808936617744,8.747762254025972
29,55.427576266503166,9.71150520935244,55.81500697029234,8.068793588007908,55.4188079383087,9.257011781766666,52.46859241596051,10.420207099922528,55.040704214569594,8.685486396371385
30,55.905960369622555,9.384551803546898,56.271948440215915,7.860088807140417,55.94540370375874,9.061950782957453,53.49256033845843,9.986442624257409,55.700297043965115,8.341484391285556
31,55.99163826284274,9.34983735357285,56.690843408661806,7.4791984099044795,56.5259608017876,8.678309301173632,54.27462560871385,9.4379741505655,56.1895103183794,8.126140985866629
32,56.54657153520083,8.94970029796442,56.99574246294106,7.423281046830293,56.788173211521716,8.538472226036664,54.95961083496379,9.050817756012435,56.47130315318615,8.01665923934688
33,56.66627436683552,8.769516462546642,57.44776361274779,7.109506877851312,56.99533528606462,8.389069237363104,55.63569649902136,8.646706469145121,56.37060040791379,7.974585574841174
34,57.293267061872776,8.383279997974924,57.58716746572465,7.047766823377162,57.43841488739167,8.039640817256428,56.10925605221699,8.357299185069067,56.71498950883003,7.856612299134237
35,57.747193100591765,8.001678614231713,57.632284049761296,6.989699859345766,57.765114429341935,7.7845505279825495,56.56068952082956,8.14106803794687,57.18948610943153,7.4218767919170645
36,58.050780862388635,7.7365462141462045,57.979242363468586,6.83630943301129,57.94213432089667,7.5986471303654675,56.559096197484195,7.894766485113859,57.39267698666157,6.930938009349543
37,58.40023637092806,7.3837071675186765,58.28583598009973,6.665116713904432,58.266007424287366,7.3705725128312585,57.016140456241715,7.501915018419371,57.65932413387728,6.812054466469951
38,58.71223086458198,7.17533765593859,58.29400735012704,6.715670546969751,58.48460580460125,7.160880914480651,57.27802040234733,7.358306456807583,58.08953254635307,6.12770228522506
39,59.03592223669149,6.849944911501343,58.434978069490114,6.5057852984980835,58.675754551779725,6.956468992286198,57.51287649314704,7.223675090746231,58.298281152185574,6.010962241969786
40,59.2825755861596,6.633705674797587,58.702540988786794,6.248735944258406,58.68194709178594,6.952070559022587,57.81055389484765,6.988340198289638,58.28360911453794,5.952469436852982
41,59.403891604956314,6.550449063470414,58.7192281805746,6.132311201504565,59.01788395940053,6.494921473569051,58.19197414619584,6.450144229656718,58.4044194873286,5.840414585299087
42,59.62618470592343,6.253908727858456,58.98401984430006,5.958004446479921,59.233248017352075,6.311899817480177,58.17265051833687,6.423890140422704,58.5622287541073,5.789049062552988
43,59.83989023653643,5.953509812900601,59.118789468187956,5.953625537129757,59.62561898701292,5.6820122955374375,58.340376729026794,6.220481649236771,58.69703382817859,5.627488776794152
44,60.17745316350009,5.396873937325129,59.49070762575638,5.51499441985466,59.71051775287634,5.564024082378665,58.57347562445513,5.985921491624069,58.70583960750271,5.490407108819963
45,60.300598465975035,5.209512050162671,59.739721194332525,5.347239704245941,59.684016812004174,5.52299194009402,58.80330301410343,5.666968110712514,58.74913851004676,5.36136485471143
46,60.414915737521405,5.082300365422152,59.90750394496491,5.01823792171061,59.86501536092682,5.092507816734353,58.941015590312716,5.537414048651797,58.850761387989046,5.301570448216931
47,60.42756824776959,4.9508148018822284,60.0384193733972,4.859797105488467,59.93043447605595,4.962325699669364,59.04149594118351,5.467332087541056,59.06497675256501,5.068263332140093
48,60.617225024747356,4.673808709636483,60.112494576677285,4.75247849621667,60.12927029225163,4.577596458060007,58.88134024032109,5.6663589374794086,59.19909095218555,4.800869904078227
49,60.78710438339743,4.322747910791949,60.229151779361224,4.632778562084663,60.18232585532536,4.504163412981378,59.013431438084005,5.490664900322521,59.33654443132326,4.563758433379861
50,60.81601189225576,4.176174990208195,60.26741041855417,4.635062698447483,60.358906711167606,4.179207626212538,59.2101089429898,5.048121777891369,59.37713797352387,4.27194619232741
51,60.76820226355626,4.229004287081675,60.452434267104564,4.443953846801581,60.47047629022429,4.019050743526358,59.3605340650256,4.674936772429294,59.384309092043495,4.21217974504068
52,60.83648771791639,4.113206755679784,60.55182805577654,4.404649295744157,60.57315717128682,3.7564427038705657,59.33237724861433,4.6121030335792,59.325477476188794,4.101581135052679
53,60.92735714291745,3.8788465216075694,60.60228051143673,4.284484745371484,60.66238804506236,3.485128098395716,59.62429227808007,4.14442639366658,59.26480528663206,4.090531616253425
54,60.958270214813794,3.8457258635269365,60.67163943059184,4.020589407887866,60.692001609268544,3.435101738025248,59.59792948441446,4.047156612980513,59.335295367628035,4.028823900277064
55,61.01452304317783,3.7292853389359206,60.736622197507366,3.764054788864025,60.71860505744543,3.269415852343481,59.624465551345935,3.981146628316019,59.09417877358265,4.0227937552871476
56,61.050911111992946,3.5898660343883644,60.79872491042994,3.7245377152007824,60.69922167481194,3.222936797184854,59.68380657056513,3.9368616556303437,59.146567472937804,3.816568675126604
57,61.1687955950388,3.378643130246917,60.8779694332415,3.6113592439918585,60.712005064183394,3.084060779094232,59.68440379340894,3.875881837442511,59.172842819023344,3.7775170987366535
58,61.27567270197991,3.1240040555848996,60.93774461033722,3.523515691496197,60.76599214450597,2.954874146649667,59.8899580893968,3.268978912623781,59.264951822448154,3.598066327611676
59,61.367561198764946,2.9432244075081875,60.97352515971619,3.4051479939013487,60.65621834432718,3.003903280468075,59.88281341003903,3.2683282845184967,59.115375122670265,3.638067075276915
60,61.397258695498145,2.849947394124108,61.045146187792575,3.326418934473736,60.6623391753905,2.9798984676422346,59.96207256534728,3.1344401131433606,59.25769228414203,3.557604894640105
61,61.358662088940505,2.9501293218859366,61.19148721223611,2.9642894311199437,60.709512917888425,2.953045296168406,60.06763428595217,3.023679746607753,59.34267607851506,3.3045324471535342
62,61.443403338788016,2.5818917124186647,61.1946275219085,2.9319223971541013,60.7279521063657,2.920968835233653,60.097201777698295,2.92640342619495,59.434324882030744,2.9342390951072237
63,61.49163769562911,2.456453333831174,61.274184107544485,2.609749294143503,60.793021360723316,2.8886185692528095,60.09037843425855,3.0116610248918687,59.51053019475157,2.9060121984916187
64,61.499299120383164,2.4542316934431914,61.32564577741438,2.544111556494831,60.74299120330665,2.87623691629933,60.225159509189744,2.715330546806756,59.42985979880605,2.9366075169837593
65,61.502651156189515,2.4538083238444393,61.35262118079341,2.4973192370514434,60.85882392939312,2.55942819371106,60.25242605028082,2.6735553201395725,59.41259945603674,2.883477730578223
66,61.530642586511775,2.3828756118255137,61.366604818269366,2.296508694538086,60.91884983285936,2.428925458703886,60.15514833395533,2.735768630438871,59.485202568301986,2.6853490273484897
67,61.56509719661163,2.2779039677771444,61.32475726285991,2.3724732097261514,60.967269443833594,2.3876535891248882,60.279198458467405,2.668835657935872,59.56977110225486,2.6442598107051523
68,61.57914571691585,2.2415182189692966,61.32983755043062,2.37153049274752,60.958738933304794,2.368198593869623,60.30756334279254,2.4468934660645405,59.63668975645357,2.589031317566335
69,61.587683858760265,2.2205493124797324,61.34873375954016,2.313284038242315,60.9586209160643,2.304721394941207,60.33980714163081,2.3224846178054466,59.72922870083981,2.5422073779242242
70,61.59475367927788,2.2079296537473403,61.404253746342654,2.218299332442993,61.021944717581924,2.0092594073900556,60.42121081854207,2.1606626684121992,59.75756511479642,2.5217267666243193
71,61.615111249556314,2.1985543419937543,61.40617526269321,2.194465110082004,61.09976481991751,1.9981640127770897,60.47828025943736,2.0604791199651356,59.6511527661875,2.5338599680705296
72,61.56775014614549,2.3787230820623217,61.461573432116886,1.9611996060258565,61.07716261004548,1.9733957078152893,60.516324485439306,2.0365032667851266,59.72297938648834,2.498775172073049
73,61.581843128891606,2.3783033386937436,61.4282338809915,2.0320514939972067,61.05362399695229,1.9401968908067486,60.51491938365714,1.9842208301829707,59.74916233268983,2.4702071562562193
74,61.60129124371489,2.3173476505990354,61.48771254538797,1.9678065751850717,61.0368394458877,1.9219366937268052,60.56122300403372,1.8414774697638876,59.57962543648187,2.4649744901564983
75,61.621738120609656,2.2699847344302144,61.498387788975045,1.9251489913478623,61.068742645154956,1.8914819062710564,60.49079065837241,1.8997410813260405,59.67897864088067,2.4548858138142653
76,61.63514584332229,2.2096301021731155,61.53038689634629,1.7557733501949766,61.059950434853334,1.8935120412641606,60.54519462648149,1.8284505561017375,59.59760361552528,2.503935177197357
77,61.60625737695937,2.2970868666703437,61.532877916881425,1.702535172390209,61.10458305661347,1.8795484247039178,60.539261767769794,1.8267595427139387,59.70904001043851,2.4164532600301745
78,61.63073518210321,2.22559625724285,61.55352422990742,1.4420806925833947,61.135547992611414,1.8802677342963363,60.36488848657841,1.8279765856908112,59.66750976740079,2.4074807860469907
79,61.63145846027316,2.2414661851523063,61.54939947848265,1.4084300556006177,61.11997067037875,1.9211923947337712,60.39392168567285,1.8399813086012387,59.69061025208149,2.395799982023389
80,61.64231619887141,2.136208310038484,61.57447617931916,1.340663779400798,61.214352205528165,1.7354962504620548,60.45830574522259,1.7284546001859635,59.717031846848066,2.373807784781791
81,61.653894080294705,2.070329709573229,61.58057179251512,1.3310190103666157,61.28448820139128,1.7067995207260978,60.34524438287776,1.791500596515674,59.76742308203425,2.329880963688684
82,61.65428749652383,2.076517986002077,61.58641426825744,1.1575967743620474,61.27330783110679,1.7245497760628468,60.3545078404185,1.783123861929913,59.7722361162384,2.0007083193962054
83,61.64881379264947,2.088181715077653,61.60346509822104,1.1149699033886316,61.32217735632371,1.522584168405115,60.25192853068038,1.7888430263416166,59.71822819471173,1.9955749572641084
84,61.66880230353693,2.0162379206576717,61.60534792527479,1.0581505079195952,61.298347301001705,1.5299766093698874,60.362544758814316,1.6970666388785292,59.66662420354749,1.9441977173379765
85,61.66663135135589,2.0211043431633113,61.607584238491995,1.0586811166487857,61.30770025113136,1.5045200459832728,60.35482273564048,1.6869191525283043,59.79691357002474,1.9222168139421036
86,61.71233852443464,1.8507335877073123,61.589332401046065,1.0717615016879416,61.310001361883366,1.317580523121714,60.310637933717246,1.6617408260412665,59.71079917268167,1.9490441807381889
87,61.705986733210885,1.8654130030717504,61.5753047402936,1.0295869934292656,61.260793118077586,1.3273953533781178,60.35448696734709,1.6355761582622943,59.68650382360136,1.9148262131251383
88,61.68944594933774,1.909502054732549,61.545730689116375,0.9838939676297969,61.25469243874347,1.3124192294459298,60.380602442310305,1.4472607749256143,59.72991823247393,1.9044986995631248
89,61.72608829542093,1.7151656692883046,61.5639209359407,0.8964082926042001,61.26033941753628,1.3015256541239208,60.34107749328723,1.4047826033832382,59.803057466849644,1.898336146668319
90,61.72833290367003,1.7017792767797184,61.57324056351732,0.8678145982441646,61.290642161833674,1.2342214388411226,60.375404568437936,1.3897648149194257,59.75958392463754,1.9147608508172569
91,61.73065187780515,1.6999750890306065,61.5869610181252,0.7795586744894477,61.29551368896745,1.2021336015839368,60.31267025480013,1.4137529112842133,59.82929873229007,1.8868271785598207
92,61.727800758635176,1.7014141601713995,61.598576872262754,0.7254739024253024,61.30757927723552,1.191831245145383,60.39695621003919,1.3991522036854736,59.908934365663185,1.859496382533094
93,61.8022586121153,1.1567259392199867,61.59297767812818,0.7451715586833965,61.27687596466592,1.207608054791183,60.379273718400285,1.4296392816008714,59.91313283292529,1.7771897636904874
94,61.794186280538156,1.1524004722692098,61.60341343460984,0.7535645057756827,61.32938972377789,1.2024262396300758,60.36232463332942,1.4215970287887252,59.90380318867071,1.75972715529827
95,61.7944929996377,1.1489820121367502,61.602939757594996,0.7302644338678838,61.34116885258001,1.1797389286851683,60.3935598552258,1.3823738766873876,59.853803051330736,1.7642476238021694
96,61.82530591478519,0.7963861277186856,61.55397430656888,0.8026765680097552,61.3479549279171,1.1283840286449458,60.511371726783686,1.3626676381793275,59.63988667572433,1.8446880902185063
97,61.82851330116999,0.7584441939598207,61.569803868064184,0.7525090826911819,61.355718919208456,1.1165227984450483,60.453871578002364,1.4367352595635061,59.70739128022041,1.823455263627119
98,61.83286771379376,0.6749103336076652,61.59373838255008,0.7305626077933534,61.33065416120648,1.133040335790348,60.422519110474866,1.4620791377879323,59.62389533700096,1.8044561228071911
99,61.83510964119533,0.6298900404782549,61.59892345303416,0.7186715976551957,61.321572575923646,1.123093343650437,60.42544792275991,1.4615122122535256,59.676885804791105,1.7849844436647408
100,61.83532096121662,0.6203036358229305,61.60162030864402,0.7107558163252071,61.2121849236646,1.158022801862353,60.47032925508394,1.4527559933165184,59.797424004271,1.7573209706481159
101,61.824396439038594,0.5783938348590556,61.598230831231966,0.7626303454719173,61.27008505492068,1.13799353985461,60.58426210172197,1.4272901960021362,59.84684430627025,1.5051178724871583
102,61.83190442409656,0.5831033879469446,61.60413813136717,0.7460499981787164,61.314694020823765,1.106638621382351,60.587909005068404,1.4358800290220948,59.85250241035731,1.5054309877956937
103,61.83575267411227,0.5675667861017195,61.60104837957183,0.7291286972191521,61.31213159316234,1.1000881754180918,60.645279602366166,1.419197043655978,59.90885732141677,1.4650582073381926
104,61.824641334770945,0.5584864765029814,61.61359941562763,0.7369575364162745,61.38330398601819,1.0976238096882935,60.65056850001955,1.3840853522540124,59.917628652170286,1.4474983524263862
105,61.82665941386319,0.5463751646882883,61.61066110202908,0.7444016350998416,61.36479804589213,1.1017953678922563,60.549885997751645,1.4125421582305258,59.810937688144314,1.4129415964481484
106,61.8236776564766,0.5485769950088822,61.61073278909505,0.7415262034080864,61.30896976376855,1.0857127164787197,60.52291691062719,1.462779192307573,59.90725255255807,1.436016670549611
107,61.83385786996098,0.5385347922071686,61.61546381997229,0.7337860880498367,61.28179920311479,1.0796806094050824,60.39704635505479,1.57669998643636,60.01442717953729,1.4194238304650402
108,61.850961238703064,0.41654581732161255,61.61929960386377,0.7237540290791241,61.33070756369709,1.0683676279821714,60.459388436855036,1.525879739729988,59.93947665237212,1.4404914506860935
109,61.85104121707417,0.41242719151365304,61.592275302999425,0.6932800007171109,61.363082981373246,0.8054597361587076,60.502123914011484,1.5171021915450824,59.70685920761124,1.4857150269032864
110,61.851114062665424,0.4067421642966302,61.59599860172588,0.6738264172725682,61.3930411590549,0.8073835572715297,60.53190149701924,1.495807253834139,59.74814797111513,1.4909349496976596
111,61.858934144924454,0.37868875994414003,61.58963700283834,0.6824917314972513,61.3900889143632,0.8334890801220595,60.60139890808673,1.4572910199035911,59.707340299768475,1.4636087388512078
112,61.86195110129886,0.3547936205211238,61.571154236890365,0.7204034233787313,61.400713387486626,0.8200774956946703,60.59482654265243,1.452093708302966,59.7656782007725,1.4696420532337335
113,61.855057539167014,0.3320231350445127,61.52036110452929,0.7690719985853381,61.39834263596747,0.8022387503859792,60.52100524448737,1.5500467521481476,59.78949676070676,1.490367438272723
114,61.856480540464695,0.32272303881909264,61.501375622022444,0.7707183361583114,61.37690302234659,0.7880454049339566,60.36683067163543,1.6457843745739427,59.88308640066448,1.4870408454864699
115,61.85607019350923,0.31654331364587546,61.494191195947,0.7647629696719184,61.36690867316851,0.8080448060065436,60.42614554751001,1.6131626265533345,59.91895039368876,1.480162316271315
116,61.85722866332365,0.30186979020866817,61.491114270840235,0.7208688564053448,61.295181876809,0.8470975483139084,60.445984295389366,1.560358658224178,59.91281578927477,1.4451841042630031
117,61.86855899096832,0.2962704332551753,61.487162666992674,0.7083354927587299,61.19320736514508,0.9268981563298805,60.36411368698597,1.556066294439385,59.896910643486365,1.4385079725993553
118,61.86865820397412,0.28765875686073317,61.45698186432365,0.7296084144608189,61.25726976249938,0.9029985915466857,60.44605201117582,1.545626431155952,59.925533503412616,1.4353187676750216
119,61.86195350671156,0.2709594696485116,61.51100369117312,0.6830274895633349,61.2092248315973,0.9412811980412849,60.45044699950237,1.5394537546825615,59.910166495237746,1.4904376631373764
120,61.86183219499482,0.27403933786357143,61.50360582354629,0.6740943978848551,61.23562385529853,0.9570850721306229,60.46783029886286,1.5111262778698957,59.82167130863235,1.531230072514269
121,61.861560328363964,0.2807863505345329,61.503549773181206,0.6770495769987518,61.2528429092928,0.953568213655405,60.50389494946272,1.4752850889349178,59.804927644852924,1.5675287327370342
122,61.87078157234125,0.274650950605801,61.50757943645107,0.6649157216280152,61.24413350647483,0.9400998543317579,60.540741348118026,1.457759620385121,59.732289412365745,1.5612836021346688
123,61.85655317479214,0.2788763571448197,61.51413714618547,0.6581054634586497,61.24413837265625,0.9283956515403782,60.58836195060535,1.4266566022252984,59.79053738930052,1.5303094664879773
124,61.85649835226545,0.2780499136862254,61.54959574809385,0.5854368308876903,61.26250532882908,0.9217512397822148,60.6080352765344,1.4015934829963408,59.85966471186972,1.5220726272045233
125,61.85710242401034,0.2858743535453157,61.52342892450692,0.5908086979906572,61.2688888069504,0.9157610649295126,60.58000150116407,1.3849434274620032,59.73799126763281,1.5822731936452523
126,61.85443884082181,0.30005957158775004,61.53015204462653,0.5032631683681109,61.230641021773586,0.9063628606297848,60.596319145006696,1.3811341646869966,59.76088237103398,1.556611552048234
127,61.85508328264449,0.2888853569985995,61.52083095178095,0.5289325219643028,61.2587344292466,0.9047817707067697,60.62712874264851,1.404691560694375,59.720763542445056,1.5781687330851344
128,61.8551229602221,0.2844776285740978,61.50889295359018,0.4752525800291651,61.1728976457822,0.9550358072367504,60.586280749401844,1.307072627905293,59.83717105081691,1.564262652536067
129,61.86907657111456,0.270173706365549,61.48664156934933,0.478258373743097,61.22796035830174,0.9561944654334793,60.672680379258345,1.2818497999777818,59.80893477328629,1.607098722449699
130,61.86916847718806,0.261439501247326,61.512318412859024,0.48776520738201784,61.25289094367286,0.9397688366000813,60.53450212321234,1.3335959017099175,59.89032527214958,1.5757957678300787
131,61.877544884483754,0.27392034369825297,61.549769785125115,0.46787013366327357,61.31965403336412,0.9327962596145856,60.487966257309395,1.3289149485913765,59.92298580269609,1.5474735126227799
132,61.87838787811547,0.26716761699051733,61.55311189645171,0.48198553122980337,61.35442894453746,0.894469774341054,60.4714800546779,1.3181068113893641,59.87509424395929,1.5619758936473163
133,61.878442481594455,0.26109923602604534,61.6064097484114,0.49979839117332,61.36364185074234,0.8703461491937797,60.501811121428794,1.317287050755296,59.71060078738208,1.61207951887902
134,61.88116333130848,0.23516556648850953,61.578778602465405,0.4881683371539662,61.38788730620724,0.8463477037970247,60.47037520529861,1.3097795548498965,59.66894427522537,1.6706069327200044
135,61.88117670685502,0.23340075226151194,61.58783192052414,0.4675008594241759,61.40680509186308,0.8498380335662045,60.42204470543427,1.4529637531733286,59.70611923496546,1.631613397937711
136,61.881390668898675,0.22336521088510705,61.55346723677757,0.48725267515121057,61.33805161063379,0.9389698451297233,60.40606611869728,1.386705516577637,59.76565905780084,1.6053431795263255
137,61.88020526640472,0.09875157350809599,61.54271613476683,0.5065865563969206,61.389074352314154,0.9513580215024257,60.462730002998285,1.3022022740295125,59.87484490670073,1.5748494116420435
138,61.87997776794534,0.11312681667066753,61.55615511502305,0.4674778499045155,61.39340386233492,0.9644218858124035,60.58345428623771,1.2766504792966142,59.9005742574722,1.5511454439537882
139,61.879981864771054,0.1128389509690958,61.558286340552606,0.49836156827825845,61.42835998855952,0.958440540580087,60.60783981171761,1.2357455388626681,59.75891364776283,1.6064190051695872
140,61.871322774785064,0.11039371549904115,61.558581724713264,0.4967261530760753,61.406169381873404,0.9654722452655994,60.61743598459888,1.2131340190198716,59.748097987652244,1.576902451394291
141,61.87133517385671,0.10357794723470888,61.58384181822545,0.5306977467042687,61.40863543487038,0.9387542830159891,60.66192661722009,1.2189860424357253,59.659720359934525,1.5760442411167805
142,61.87180930468738,0.10336482015567149,61.56087152987065,0.5366304466834199,61.42466216873429,0.9368827609900593,60.7076210076534,1.2151922814188083,59.648350418846285,1.551436664077871
143,61.87474554745588,0.07023773911250822,61.5750871362551,0.5196609752931051,61.390055248555626,0.885160927705019,60.69642641099364,1.222801719761515,59.679823053448665,1.518879660153533
144,61.85742436103252,0.07504377574029249,61.596491886217045,0.5193043759493956,61.40839710093402,0.8622162528586057,60.716954969862286,1.1816114133020006,59.581761323424814,1.5575305420101635
145,61.85742759797253,0.07477660237891348,61.6160977456899,0.4992326908592244,61.395745902111635,0.80825410282554,60.72910019039811,1.1805212600470505,59.61667479157667,1.566134647742323
146,61.8657466033544,0.09709163837786694,61.596284509131934,0.5147287544398601,61.35058592415934,0.8397455316705452,60.76331149692793,1.1882469830408302,59.70077044329545,1.553480031544454
147,61.86574774474383,0.09702804392491098,61.61211826554328,0.5151456439212453,61.35643851179006,0.8391220203114718,60.82192740048475,1.1798470971773083,59.692255548606845,1.5336637171610634
148,61.85662244230232,0.0972950846017474,61.61063466293876,0.5105868018938527,61.37698396910362,0.8177076435862283,60.87019014853428,1.1875704646177334,59.81990717409168,1.5217334672745453
149,61.86528065395683,0.09643708677189156,61.608057170423194,0.5039439579004719,61.37796976555718,0.8144043223479006,60.863400496521194,1.1895726454268598,59.889168779516794,1.5035578588832825
150,61.867477053283785,0.09515210779570155,61.64076466785625,0.4827561662941873,61.31229809207199,0.8416614673637248,60.83840640648257,1.1876734945757779,59.82701696947483,1.5160219640339694
151,61.867487274085896,0.08782467884090737,61.64597055725757,0.45884747324764025,61.34309371954394,0.8324663526672977,60.84108983196064,1.1653847473290229,59.84974395135249,1.4784984982456335
152,61.876622681393506,0.08572240415411235,61.64406785197829,0.4388334345190053,61.3241261419722,0.8232067170122427,60.83253680305758,1.1517707731900864,59.721928648049946,1.5548210697600948
153,61.871553970743754,0.1486226667419677,61.61351404392034,0.44384467897087143,61.3180177075782,0.8160573211724896,60.83025556384389,1.1403088260050946,59.70159591200917,1.6291973489683802
154,61.87109327598187,0.1683862352811206,61.610110275019665,0.43547803787516637,61.335191552553056,0.7932647163796754,60.800380954501335,1.1799427322132843,59.7822086270765,1.613107264790483
155,61.87627085737779,0.10434408679086148,61.601159076092415,0.44258737643032015,61.326821057793595,0.808355146371738,60.68607654348512,1.1973883185347993,59.84742877824476,1.5980293879062815
156,61.876507829148665,0.0923879117705524,61.604581417722585,0.408984386987637,61.31658860702073,0.7841954351397623,60.65561654831808,1.2028591232505368,59.844020113483666,1.587833151808729
157,61.876504576167356,0.08884947352273315,61.61516417104924,0.39092841516346694,61.31035034067251,0.8222765227873737,60.630731180648,1.2413123525022303,59.869870636481785,1.5708345875075864
158,61.87650817706055,0.08864667385291027,61.65535214757982,0.4025469396158991,61.23465587656219,0.8460618139825041,60.56853837195449,1.2803728334077844,59.892152833280534,1.5426618043442055
159,61.86312137488645,0.08053727058109005,61.67167442450998,0.3990784776682974,61.26442577574908,0.8494245510474032,60.54748634126508,1.290413073677283,59.75513321282701,1.616690871260068
160,61.859319486994835,0.10108577595154772,61.65563045185213,0.4078715685737875,61.278903326296,0.8584711419367942,60.58966380159885,1.2872885448160536,59.83459399627704,1.6316615597440052
161,61.85932042494316,0.1010161557854386,61.65788930548186,0.4009519386616642,61.25884296901098,0.863663972844151,60.57212705340733,1.259703019363416,59.66896433247508,1.6890550916137272
162,61.85932070471325,0.10099311906619564,61.67375300907228,0.3633310516996626,61.246185732558864,0.8394212919136331,60.425074753015714,1.325805998082068,59.749246537839895,1.6565887043322505
163,61.84741097322533,0.11772522500101168,61.649500231575345,0.3409981205310482,61.15816495939951,0.8500140613528812,60.46008417047703,1.35441334157923,59.77767341618608,1.6581581835798136
164,61.85383951021452,0.1198452293270621,61.62566623280774,0.36885802025833625,61.15004033325584,0.8655662300316426,60.43676456161872,1.3220040329204756,59.81335884759757,1.6016667324250866
165,61.867233168108285,0.11879711355611673,61.65211124085664,0.3812286862690752,61.17268680876644,0.8583844935601768,60.37552436872964,1.3898757960144155,59.67742329880489,1.6891610535985746
166,61.86735598885425,0.11066553464285615,61.64649745114045,0.4074887822168051,61.15961782337063,0.8165357546446215,60.34961599024825,1.3562785916315068,59.72353496733548,1.644869199718314
167,61.86735920282395,0.1104299681142233,61.64371499963215,0.4079781452703925,61.24437171080602,0.8330558198125253,60.33735640075322,1.3267162925225515,59.72516864639687,1.6397891049981919
168,61.867359762364124,0.1103808782771415,61.64752766574326,0.43286604412078034,61.264324555150935,0.8224580711300109,60.40019559225401,1.335177162169855,59.69095331397346,1.606841725584826
169,61.87119634404216,0.1421526872298258,61.65696511800462,0.4386046786622862,61.26692555040724,0.8508199566840613,60.296762752011894,1.3906524713413828,59.559655202872044,1.6219916369168328
170,61.86962207647216,0.14608110367954819,61.63399376215529,0.4405243825294629,61.24949244895538,0.8230167686378059,60.32832193593993,1.3788881562363813,59.636076430008096,1.5804274607471658
171,61.868068364893276,0.15018020864757228,61.63294913067017,0.47737482925962177,61.23556340418939,0.7965553103349055,60.303576502213296,1.3413820054463015,59.57752936105334,1.633500676825226
172,61.86852714916555,0.08403439426006946,61.602930196692704,0.5138635417005657,61.198636349756704,0.8089662477816545,60.19749556461502,1.3989469692994547,59.45919655965957,1.6775702065826466
173,61.868527253968594,0.08402755265558338,61.61004332866518,0.5207770551153085,61.19778288767826,0.8316597915208424,60.3186010267893,1.378518838012619,59.3279119752064,1.7026773142962643
174,61.86325434156049,0.10400231524979268,61.59054570712469,0.5375593104876238,61.221579202794686,0.8145392002448385,60.23765669166557,1.4348017443757344,59.42243406574429,1.6703869404472818
175,61.86294950903308,0.1214269500137178,61.61058248480201,0.49050539092202344,61.22962260822259,0.8494614839593152,60.25997789700069,1.4385117367628977,59.49858116071784,1.632954244009434
176,61.87662939421707,0.11990981587330833,61.61225850667953,0.48198170363083054,61.19651949387291,0.8745302549816815,60.304288923620526,1.3951001179669207,59.636831575317515,1.6151163412587477
177,61.87651783869925,0.12243175599057021,61.58624668633326,0.4828011378680952,61.22382604305876,0.8625069727604656,60.3602778877071,1.3794652999845225,59.63582446588431,1.5867773396098919
178,61.87408360327914,0.1468647838921716,61.600851526882444,0.4614523339987116,61.23592622034143,0.8493364481033095,60.32237836069336,1.3742296751742469,59.4726897824657,1.6247910298248014
179,61.87622352047915,0.10923278481674621,61.614456854799265,0.46849278797199134,61.21641225590153,0.8651234056534713,60.36612590322736,1.3742464686900322,59.64588915869949,1.6032613148401176
180,61.87616178967976,0.12036882479658817,61.64315751452594,0.45930999636968156,61.246534582564955,0.8638776300775621,60.36105004205559,1.3839160635795593,59.52870815445577,1.6836047491094692
181,61.87383606164174,0.14503278547989326,61.64491045504711,0.45247579337133564,61.16518539112366,0.9137837589061908,60.405443576561716,1.3695997435467,59.506580614423804,1.7241728259903992
182,61.87383606164174,0.14503278547989337,61.63382715948969,0.4584777130329218,61.217412686679616,0.9138910598581554,60.46562894600669,1.3420139882346787,59.37948944622728,1.7643664263585377
183,61.87383606134633,0.14503277736827366,61.604621059752915,0.47527077332133394,61.234882272008086,0.8855186739802984,60.32503195979053,1.358928670943718,59.503348712317035,1.7422005312484792
184,61.873602965375774,0.14851151186951905,61.59089973155688,0.46836303989409017,61.22831672890284,0.85863624352227,60.34344207608244,1.3382415650606816,59.456705043850725,1.7189560373080288
185,61.873602945357156,0.1485117467232212,61.5835129139997,0.4631981705485209,61.20471921204605,0.8616735316067192,60.43158251361689,1.3293592348699046,59.56026331141272,1.7161780960067698
186,61.877482763677605,0.12093559633484824,61.58269399949581,0.4667299000950537,61.219319500584945,0.825110858070479,60.35120465433712,1.3616255224934493,59.46182372074407,1.7563433704963411
187,61.87753622670703,0.11775028782537679,61.58258239580344,0.4700478907281899,61.19490377081095,0.8221051284665815,60.431208438200805,1.34989569871742,59.43910988578864,1.766850175106798
188,61.877536625133786,0.11773022672376869,61.55344420020952,0.49908319628253817,61.184513379512104,0.8417323626405153,60.44479320923775,1.2999585302131744,59.47302171074465,1.7536138648377027
189,61.877536625133786,0.1177302267237691,61.58829186073941,0.48800254601754656,61.13196070251657,0.8706868555638478,60.414733044342064,1.295312303199345,59.419715801700896,1.7853567019268002
190,61.87749909933796,0.12010447842255122,61.5816864427111,0.5630640690178979,61.162201669954555,0.8626530050304737,60.49372041509958,1.2909277122473128,59.38749819470111,1.7213008279975226
191,61.879879749971295,0.09450027942740465,61.56412953648706,0.6192956859268609,61.20712990124533,0.8663060814494298,60.32391273788294,1.3313528227102083,59.41725413918248,1.7049100878638683
192,61.88316587659875,0.05627079196938183,61.597338631548276,0.6007332784096581,61.20766973725458,0.8927370872375436,60.39781447021977,1.3980348499233466,59.31517812252246,1.7634752732082886
193,61.87168812936446,0.03999575314578765,61.573146376522224,0.618191800287203,61.23760071346178,0.9021834269740264,60.48915715182596,1.3981760565713222,59.29387651453188,1.7077784395684876
194,61.866861894639364,0.10096269570323464,61.53625373092348,0.644373572865896,61.178197436590914,0.9519322668187358,60.42813573234635,1.3754049658373269,59.43442358016402,1.6660265603881739
195,61.86686189493476,0.10096270085079283,61.55812087844141,0.6319126971472149,61.16885691605079,0.9454966466586389,60.444614173191596,1.342216102635098,59.57631627305692,1.6304168395073315
196,61.878579835502634,0.10008519430484204,61.56445255487818,0.6266156967629625,61.18203230551851,0.9368099207131952,60.36615311621569,1.2925835872378268,59.63553049664937,1.6162573774085793
197,61.878579835502634,0.10008519430484225,61.57228752707744,0.6245414444748422,61.179826459659324,0.942911571693723,60.37502922856391,1.315460341183278,59.56986941822847,1.6531864646427408
198,61.87870781109316,0.08877711902418606,61.59274305343672,0.6208290456487419,61.24464800076938,0.924612502418392,60.22636822235628,1.3780378239083504,59.63031415844288,1.606323240651623
199,61.86556102981053,0.09000452268639093,61.61278041718684,0.5658999891793596,61.22545095038598,0.915941923271849,60.307102716251556,1.3576376577970215,59.65546272043565,1.6003830508360737
200,61.87630889904195,0.09874448454683556,61.58933777656481,0.6223343736896617,61.26197243159859,0.8970967315531148,60.41755137153997,1.3087465156104923,59.7936964124433,1.559518167442463
201,61.86078599339133,0.12502847698528993,61.60414465560089,0.5982993972243574,61.17740523719222,0.901431802074717,60.40951901364172,1.3527234718452281,59.92119428272452,1.5340131636185121
202,61.86071475879451,0.12615681496556697,61.61631519902273,0.5871012323290834,61.18433769437393,0.8944642823503731,60.407284951349226,1.3296854599597059,60.0130834383865,1.4951446199762624
203,61.87613186860333,0.13236756469236197,61.62977055508843,0.5802594443452415,61.149143576252776,0.8742080899780956,60.411805871343695,1.3075940749513508,60.028940026830384,1.4676835170793134
204,61.87613186889873,0.1323675711214157,61.648724613237896,0.5713141308037935,61.192362499636815,0.8580829561769772,60.44211812922052,1.2840541485244084,60.08693768403606,1.455555893438609
205,61.87618526232077,0.12850083597074505,61.69374652578436,0.5394978178546664,61.226430556074874,0.8547570305974498,60.46460520784677,1.2881378636463172,60.07606156027097,1.470669071689431
206,61.85213080850262,0.12634808731338346,61.628176410800776,0.5595288978167395,61.22219659146939,0.8451094950733532,60.46577501435614,1.3013175965527524,60.05489665478938,1.4385268602777053
207,61.848184956700415,0.17179980681119175,61.622931028758245,0.5641972990423108,61.20201401176589,0.8659285347878485,60.50547849568028,1.2903575558992735,60.13671358464737,1.440354106373455
208,61.84818495670041,0.17179980681119222,61.61622371011165,0.5461753064967176,61.14922716701566,0.9156634655544744,60.49662617179167,1.3016200093042416,60.11037240113009,1.4564844426805441
209,61.848184956700415,0.17179980681119214,61.61774303266914,0.513637313279974,61.10912346200165,0.8826390082181446,60.41421315944528,1.2996972807976483,60.22521102783523,1.4505115947332723
210,61.871322547558776,0.17004864221854285,61.57318543486297,0.5227834068762978,61.163602259067304,0.8901366757203563,60.437651725595714,1.2703299506384627,60.19586574220864,1.3980930218779315
211,61.8689897074571,0.17757871478838885,61.568770396950434,0.5424695267586512,61.20937128732048,0.8602149292208686,60.35082509184694,1.3079238999557277,59.99545829809125,1.4498422350533735
212,61.8689897074571,0.17757871478838774,61.55273422559528,0.5672114285217914,61.23977607470945,0.8422132486372399,60.353881258637806,1.2939553046874117,60.07800501007842,1.4497450068170592
213,61.86670311489433,0.18469955380788047,61.56739730702048,0.5552565148300531,61.22010268681976,0.8495250867327276,60.309265765093485,1.2857852725578005,60.158848509000485,1.4523852793674334
214,61.86896279069554,0.18265812560676983,61.544458869708905,0.5529513329964727,61.26506979612239,0.8555093650499602,60.2436746251482,1.3445456747332873,60.17003396623714,1.4454887878921294
215,61.86086585110917,0.2334137155999324,61.57425340911339,0.5388239369678903,61.29217807876899,0.88025939893712,60.24525580201228,1.3226136089922402,60.09169660392401,1.439761024016299
216,61.85980710703855,0.23796242195798378,61.53564710385167,0.5786032056819926,61.33695982349527,0.8550435931478436,60.33655371405245,1.3065207654902995,60.07651893834702,1.4354672014576166
217,61.85967533475244,0.24353668150243646,61.5295544249693,0.5443005046537875,61.32912538543588,0.8416854233146575,60.16068564637907,1.3819504345276137,60.01611089232637,1.4862586244850882
218,61.8624552424176,0.23042474988845182,61.52176046770858,0.5394711898975423,61.288104133695896,0.875279367685185,60.078722063309215,1.3424862145797,60.084829540520545,1.507271090341896
219,61.8624552424176,0.23042474988845138,61.5334219106277,0.5390664765694436,61.26094905745874,0.863314246908101,60.07989542451291,1.3153700611261352,59.911628369461106,1.551526826023725
220,61.856958358338744,0.2075530429851806,61.53517882508024,0.5426851214696687,61.219026269048946,0.9035622823785289,60.1496339044944,1.3196325464634155,59.75324364652515,1.62288982170318
221,61.85337044872514,0.2224216719974165,61.548985635326346,0.5443609350662185,61.107873857145314,0.9423649134786093,60.10556471845672,1.3035394367994184,59.88676745600234,1.590640400870706
222,61.8637930473778,0.20871617367365625,61.545067566033616,0.5455762393580247,61.085185610322334,0.9330964864744541,60.04346761129901,1.3720507829595123,59.9328086519771,1.585041525994075
223,61.83833774787372,0.21650955362171312,61.547961314539606,0.5732092388826114,61.09341302521273,0.9190631960710204,60.052913939931564,1.3214115863531763,59.976430648964055,1.5641016285514588
224,61.83723701566649,0.22135629779221375,61.555338766831234,0.5543400040706011,61.06387000731465,0.9550394266939809,60.095146056030124,1.2878705242138035,60.0495341864777,1.5509627859538737
225,61.83334731857303,0.21006163591234764,61.571692287697154,0.5375138036761895,61.11448613081868,0.9495246852017433,60.10588285156882,1.2801418858092222,60.054707676726395,1.5348552669830013
226,61.833347318573026,0.2100616359123475,61.53676096743677,0.5600741881509629,61.128693478595906,0.91172658039544,60.18986740200034,1.2699482253504557,60.084975998625964,1.5212980921872044
227,61.83450134616101,0.20169450361214755,61.572218035954904,0.5463337533763885,61.17999453289538,0.9057264636198034,60.17413552797315,1.2699359482886363,60.181260017665586,1.5108695378649557
228,61.83454132014994,0.2297057183823539,61.605711353607596,0.5258515807538797,61.183371441220515,0.9122695658503853,60.09319292686808,1.3107468251708125,60.17499067718997,1.4897044470842917
229,61.82064385282135,0.2253165402859817,61.63600145703286,0.5089419270252108,61.2538674640884,0.8890013102397796,60.18246733323187,1.3068331952167402,60.22071850176922,1.4820931106423607
230,61.8208013125895,0.19722422325316966,61.618240891693496,0.4901334181173263,61.2717527223992,0.8633056557205577,60.27686809368503,1.31009485058387,60.23621140090104,1.4878385889129386
231,61.821055170864796,0.19291414961532952,61.59821993166956,0.48088402172137296,61.227022216471454,0.8664750172449232,60.22220795743995,1.2854438324452568,60.18536967177944,1.528511296852965
232,61.823063458259284,0.18998761961004007,61.633536276948114,0.4735547933602943,61.22553108633263,0.8361358666621386,60.22637714464997,1.2720465448521274,60.21949370203771,1.5063810652529295
233,61.809559479536865,0.19023084247656555,61.65004358338424,0.4451949171014786,61.21981739997858,0.8281445790026088,60.26746280538161,1.2806563740704136,60.135712708318614,1.493191381190001
234,61.80955555714402,0.19039596793535077,61.65669261147005,0.4502845940742755,61.2472718030179,0.8368898230389353,60.27890765130185,1.257690030951874,60.180863674992565,1.560913889295949
235,61.81263000202862,0.17862907151468768,61.66960899705844,0.4442504244837275,61.32207424702136,0.8345662356251586,60.317997467315855,1.2849235143911308,60.04912378556756,1.5905135634559127
236,61.799661919854245,0.17807120186095204,61.665778147213274,0.45834443778765194,61.35388750021781,0.8327976052338367,60.35177273312074,1.244658648258347,59.98029279390001,1.67001927414898
237,61.80437172549394,0.15705277873953957,61.68500579091652,0.4573214686620363,61.35608144332665,0.8228403346924624,60.20603091606625,1.315522129405446,59.95483704788208,1.6318827818730453
238,61.80921372892598,0.17155693674105588,61.69355469204029,0.4929611123783894,61.33897943181298,0.8281328386859398,60.17721969583876,1.3771108373865382,59.845527835872794,1.670158170768658
239,61.809213728925975,0.171556936741056,61.67811222347646,0.5500427165831918,61.307014565916866,0.8310686626329824,60.23063282735641,1.3621967332442166,59.88387425742066,1.6515860334490957
240,61.80114433521233,0.1742512092955404,61.66576812656974,0.5615910834628052,61.279087852807194,0.8885428961967626,60.26493624743301,1.3368563443157413,59.84173087235704,1.6310645596282358
241,61.792871663533205,0.1755970228804825,61.68542828691265,0.5650556080558259,61.27801924961878,0.8651535280172954,60.31050482087005,1.3008733226665745,59.69122830786947,1.6474873391054559
242,61.78804863575218,0.1928182541924337,61.66937450799931,0.5823268610294751,61.249524835940846,0.9094895713272465,60.33473432519808,1.3192039051420112,59.795979911251884,1.645069826075426
243,61.80451834347908,0.17111503475033496,61.663913764104855,0.5791720793119688,61.270290311463434,0.9037083144064288,60.37395088953974,1.3173108932878026,59.81853410750016,1.644042868186367
244,61.80000714613395,0.17894929503909915,61.667574265723644,0.5789011524000388,61.27847380225318,0.9039581023081094,60.4659811041219,1.3106999980413243,59.73261716950976,1.6798707710040486
245,61.79766334928276,0.17212262888430055,61.66062580036674,0.595783434140747,61.26047423766529,0.9008578437145905,60.497493711775626,1.2955839959393671,59.762581205874206,1.635365929639703
246,61.82383655763003,0.17278504532375003,61.65215951857586,0.5906960311510653,61.19402374868841,0.8515740872334772,60.31873138326559,1.3512086244455717,59.7946747593023,1.602780402337542
247,61.83730643564438,0.17400260903116094,61.6600763315426,0.5895673649002936,61.18793994710092,0.8271799801830836,60.34474111977788,1.3244322423814203,59.73264555526395,1.6055239731006399
248,61.83968404004406,0.1645457689459151,61.64778895583186,0.5942136354550679,61.24817493033392,0.802352245554042,60.22110380674793,1.3667793650513032,59.78903359900315,1.5944545990041246
249,61.83205670537723,0.16460398959632436,61.659747719312506,0.5896996044204676,61.22043822228233,0.8045304211589782,60.30802263139362,1.321820848677264,59.5532573292702,1.6544963386676625
250,61.82479163189788,0.16403959816782673,61.69692773734643,0.5819136174348964,61.19820487704601,0.8405676600618822,60.29747397195999,1.3530953155014476,59.46679961472658,1.7261449100940949
251,61.824789956925464,0.1715981365754158,61.70890155355896,0.5591303071421531,61.18182288855985,0.8496661145493948,60.26652502332945,1.326347061028577,59.388342153128534,1.779943055771852
252,61.81397366082945,0.18108114089222774,61.69061975170167,0.5616218358930681,61.25036070375188,0.8608777683617023,60.28383422657612,1.3283040535363975,59.32251502533237,1.8204748171222465
253,61.82120048004302,0.17831365287470283,61.66022794254259,0.5799484963956757,61.267897863985056,0.859964072943432,60.408091906869466,1.2828487939612403,59.20830407024363,1.8443945755506743
254,61.82956881103811,0.1765488215485452,61.65450338133842,0.556405479109828,61.19492311574052,0.9107735614644534,60.46237945339986,1.255102901236897,59.328162340585116,1.8469778133875991
255,61.84333030918963,0.18454688048233403,61.671110972367075,0.5388170725699349,61.205968062002626,0.8982041432017379,60.49247264098546,1.2150258338606401,59.26154794670478,1.917419403468072
256,61.85186743418628,0.2156993386845174,61.674582860267286,0.5193647046695075,61.199133923198815,0.8717173483606198,60.45090329799502,1.1984345037954032,59.30855923327734,1.8837078266569895
257,61.85194497755129,0.21219432407668556,61.70897917281791,0.4821222976117359,61.12665963376046,0.9028281724759327,60.46978079165751,1.1681292861277779,59.47723587048694,1.8627344596900262
258,61.85181816045687,0.21056121433748917,61.71494194964604,0.507128274016969,61.10401505351442,0.8778202154536912,60.50436824779004,1.1698013648447416,59.47501002986719,1.8163007428846598
259,61.85182051161764,0.2104592934284285,61.722454949656694,0.46465373163970575,61.04661455619312,0.8956099355347386,60.567089389679616,1.17952730940922,59.47220581105122,1.7842350786012424
260,61.85171342352501,0.21514422384392465,61.72545824901036,0.46575387101315807,61.01208782039926,0.9179567509419804,60.51295843623488,1.1620535667444136,59.4894312041041,1.7492020165444853
261,61.85088200877619,0.2160187469665047,61.7453443541468,0.4387034671154388,60.988411895495055,0.9797979446083959,60.44169145027374,1.1708695201114754,59.4516368426464,1.8001201652341996
262,61.85982624816995,0.1727583934200091,61.75691858937146,0.44901511444944076,60.95032011275784,0.991234922919519,60.480163449712116,1.1447348107029602,59.31423274691784,1.8839160280543623
263,61.85992546340087,0.16812966006263685,61.77502741773512,0.40070548409994705,60.97871249641753,0.9701561331653316,60.50336011730677,1.1341671937578326,59.39297864473317,1.8425694269542194
264,61.86064017642908,0.17198487000595364,61.74515926510211,0.46205343462179443,60.97413124792317,0.9940036122569605,60.56266914541499,1.1507517971532846,59.4994332840713,1.795278325188496
265,61.86308173802558,0.16460724284810674,61.74201047307568,0.4820609253914247,60.97739383984273,0.9661813039751954,60.600896694835235,1.1404426514700472,59.50619756324394,1.8011299555392455
266,61.8667349357857,0.14130897053135383,61.75971213973863,0.492884557934352,60.989956218308585,0.9546979185401586,60.50624499976618,1.1171620712229926,59.70700425639741,1.6972665823887845
267,61.86665740012325,0.14583333537626883,61.749726790449046,0.5005330150852189,61.06010029414513,0.9057212051891829,60.51556908460742,1.1164767787309946,59.62822194927535,1.7302789913221914
268,61.86053852676322,0.1563767464408818,61.76688172733312,0.4845944690140244,61.07772427100398,0.8647588523452097,60.39242902854516,1.1683245407749547,59.65446876000217,1.7166091298975361
269,61.8605293145195,0.15213367366975117,61.76011182463399,0.4514341311782162,61.09293310442347,0.8400835964016795,60.44169383247536,1.1337488106434879,59.52900215360158,1.7389412174332968
270,61.86016790906322,0.14678989513489335,61.77116536437228,0.47355775092612085,61.120188624331526,0.8234197111581677,60.34201634256233,1.1626688147619892,59.41379310116043,1.7452794041877502
271,61.863041350531574,0.1315079215082189,61.778784804196405,0.46866467328942346,61.13933715343832,0.8120414056793095,60.34970478934846,1.1721364067354954,59.357694689275185,1.7180527137525896
272,61.863368946165295,0.13124370670374239,61.75608097552661,0.4877163767063724,61.10389062513351,0.8500713324335978,60.39223041424023,1.1436824412118367,59.44251198796513,1.688106642083553
273,61.86338137666851,0.13201995875751982,61.73688351251348,0.45227561610818384,61.07282519316538,0.8893750218398423,60.41657912529653,1.1405728045545547,59.40095161706835,1.6685472484841208
274,61.85900763854977,0.1465465109326182,61.75615199686164,0.44239718144281187,61.01258753216687,0.9026460010126156,60.432048360784826,1.1563537715404852,59.4605544824294,1.6454014762382012
275,61.85685170844388,0.15291615314333665,61.77579343079125,0.3924377958289524,60.98799252280206,0.948542988056329,60.5637176011997,1.1539234278102364,59.537862262555485,1.6145853064192803
276,61.837352449623154,0.16956915034466413,61.77866873573513,0.3580558418523745,61.03412494884398,0.9245806555734984,60.563057173492304,1.157160188634533,59.56672124920355,1.6156307691642489
277,61.83727274488963,0.1733919724439662,61.78156181489464,0.34427710638245973,61.040208619506814,0.9249343191016118,60.59595916058984,1.169527177496622,59.403254784347695,1.6817807897127823
278,61.83729025336032,0.17199592937018818,61.77793107171657,0.3626442469243791,61.05270198978448,0.8960621073627374,60.632567381347464,1.1682455894467014,59.28064607014354,1.744390777724156
279,61.837167262982724,0.17811699214665497,61.76613012236577,0.40666926326210584,61.10492823497568,0.8736478437840033,60.59131194394113,1.1875771203277143,59.38136198278714,1.71306778275217
280,61.83713677751059,0.17901224689669157,61.76628319452054,0.4038097582833952,61.10538455505867,0.8393361441473206,60.60372124192885,1.1974540095401263,59.45937364290036,1.6811329890936582
281,61.841765549273624,0.15463961463033252,61.77934620790326,0.3443386915055604,61.11958083108624,0.875689970159922,60.561211279042034,1.2030905436972836,59.51959381792417,1.6645210667917685
282,61.84133287814409,0.1771118544764294,61.76658827443447,0.348495558754599,61.15202440423458,0.8603952293169298,60.61834409008808,1.1813782901838794,59.606275628767726,1.636854414082148
283,61.8413811837527,0.17558880453670692,61.77816961909035,0.34859899074580597,61.166282299276695,0.8594983703483564,60.66008874411609,1.167147442318625,59.52004344186328,1.7057754983337283
284,61.843872378545434,0.15474849392722514,61.77578509081887,0.3414543376262526,61.20137406364354,0.8419989232698298,60.63086098617928,1.1614638233632666,59.50339463331902,1.6701104237703515
285,61.843315762723606,0.17655598205872872,61.742544321466255,0.33781425517804203,61.140811007168935,0.8322202370634537,60.577044361499254,1.1707333028365525,59.55170572186468,1.653601254957391
286,61.84340524365248,0.1728367351367909,61.72737105892427,0.329717809208598,61.160223885718686,0.821920011655994,60.54588486162337,1.1779888430063128,59.42082033009683,1.7092920838604506
287,61.84702378256131,0.13609579313317252,61.759846200371676,0.33953396597112184,61.1387593114668,0.8279859232160248,60.627313891484185,1.1722753835608064,59.475036003265934,1.6888655966059147
288,61.84517595468264,0.13220357908632432,61.7532310862517,0.30973671739649195,61.15917192457701,0.8074030159969298,60.65510013029803,1.1423936993929853,59.61478180002514,1.645296524728999
289,61.845389740990484,0.12386002658290912,61.74462743906349,0.3104760843663512,61.143467753764476,0.8301297219481216,60.67865414826908,1.1579138710884023,59.756403027874576,1.6048282536283704
290,61.84585510981994,0.10198286730331187,61.745610858820044,0.30856036248495144,61.17235093236858,0.8471444503778075,60.69217908442218,1.152272930468634,59.82971615659111,1.5661588824752306
291,61.84579106520288,0.10233632396377401,61.686488454148346,0.3383435959063066,61.23684876256992,0.8296429196962988,60.671797331344386,1.152677005603883,59.86084188904182,1.5298209853824567
292,61.845896332238134,0.09942898985381717,61.726598522166974,0.31533403600459325,61.31190636085608,0.8171543223481557,60.733771890276884,1.1301590309086915,59.74999463019565,1.5697254427456284
293,61.84595739726254,0.09609826246472437,61.71152118277343,0.3266139704160153,61.316839396738,0.8539147703711585,60.583440940450565,1.1991885248269387,59.75522913580088,1.5500879829005452
294,61.853281215155555,0.07259968822664659,61.711009976770136,0.34423968079398165,61.32876971384657,0.825024654116826,60.55072977963774,1.1742913314993024,59.911584815838516,1.5401957844364762
295,61.84877694769029,0.11159567819850269,61.73290491979878,0.3237096816365845,61.347746287172775,0.8159139244817674,60.50235709709689,1.1986499174772727,59.91683999257765,1.4983366662326674
296,61.848763552287174,0.11089166888702624,61.751778960271054,0.3310570602965404,61.373855791039155,0.8293255252179415,60.52075470718673,1.186290415240747,59.79038156410401,1.5325224558146713
297,61.84873907808642,0.11072510489483796,61.7665161005852,0.28608723121785157,61.37367594913134,0.8442463071275882,60.536503188835354,1.1527052456667903,59.81320809184009,1.535285160266496
298,61.87669458668478,0.10715690441758874,61.782977898226726,0.32575900489544396,61.34282650561619,0.8837670154568057,60.476238752253835,1.1770586322857879,59.87333433840172,1.4969035130239046
299,61.87668223689459,0.10640647584346867,61.74330976554037,0.3274408715807532,61.308007107893644,0.9273908235118697,60.34653751266056,1.2209298898951053,59.86176000171454,1.5074609492723934
300,61.87665677385774,0.10623764886625198,61.749568932588005,0.32171648203901965,61.23174733157194,0.9580093799808328,60.292009363030175,1.2515142189549646,59.85264718045057,1.4789881311674715
301,61.876654203771345,0.1055823758028478,61.75101693460282,0.35233204867029794,61.2651934514227,0.9138307455875827,60.30183141977531,1.2748159091199225,59.95983939909912,1.443573473497917
302,61.873181204013264,0.15603609379772576,61.757564089000525,0.35963118250179815,61.208585039510595,0.9233730137331911,60.36889694607064,1.2467910273647116,59.80810569643365,1.5125690279765103
303,61.87345802513424,0.13834387487186417,61.732184126968164,0.3601758077890094,61.20225707224537,0.9162823313155347,60.42600051541761,1.2007353805958625,59.884006703218226,1.4976970402299907
304,61.865137439384334,0.13788490548298205,61.74682271645691,0.34712681968915754,61.25135699992048,0.8525810323740858,60.508113529852054,1.2146798054602468,59.814832648886025,1.466812229940898
305,61.86827741437192,0.10075343675223462,61.71565617713019,0.365350350818844,61.20281644294066,0.8404152591647679,60.40276010415878,1.275221574776416,59.88951191243016,1.4563002247814916
306,61.86169985913337,0.19451646179930485,61.70474328031478,0.3388106198948578,61.13468546186607,0.88624202310768,60.336148710109875,1.3575012815162963,59.687734486918146,1.4828121523093458
307,61.86170517030015,0.19385613554671433,61.703706711113554,0.35326788788630686,61.15577789616311,0.8482349811100169,60.223556715179,1.4286352585800561,59.75759615286163,1.4828314755767107
308,61.861533805860006,0.20187922311345405,61.724877291824974,0.3783854556994631,61.10578283080764,0.8410909595500339,60.283484568047456,1.4285517724445762,59.81725298879467,1.4906244147079943
309,61.861544242090254,0.20193689679743554,61.7179350386256,0.38377518498256064,61.06195740643388,0.8341891957689173,60.301056440702425,1.391417609002828,59.72936135381698,1.5241453093380357
310,61.86632371193253,0.21400163449358334,61.71801699672329,0.41018626073883685,61.04597470692208,0.8419450801814081,60.22566216481515,1.4021177685769397,59.753669422384654,1.52551547799366
311,61.866002221598684,0.22572155023128807,61.73887711057921,0.36958392741555013,61.094208969590184,0.8307524247371753,60.25748546111827,1.4057473417508415,59.726844791769764,1.575769783335365
312,61.86558072341986,0.23916043973105197,61.74068617694604,0.38297885359846867,61.168496327906674,0.7919274348170598,60.336224053993924,1.3814373668382898,59.75436306211115,1.5657349573127215
313,61.867847972807986,0.2383574219377782,61.74954843837222,0.3485206125330505,61.1793762644105,0.8033659353282273,60.324316570523,1.4151888300096473,59.69569798780952,1.6464471632672917
314,61.869623886455756,0.2375309086636491,61.72205037739819,0.41462241603906796,61.20382990871524,0.8237030906386503,60.38344472628918,1.363451010827922,59.72283972783417,1.6198742341322674
315,61.8697899823663,0.18387882922917567,61.709278132055736,0.41315602618041375,61.18577073292923,0.8544237672752647,60.29219730983072,1.4050709544085132,59.656717174725465,1.7062443736966368
316,61.87190411355531,0.1717383848582383,61.71171006707149,0.39973337100063105,61.148393581974744,0.8577667261731259,60.30160544648433,1.3697379062423451,59.73893349158748,1.6875921651923733
317,61.87201838665491,0.1653021735117414,61.72148040423892,0.39174503609953565,61.111861358703145,0.8524690058952965,60.208152704765496,1.3836491440722491,59.6925073536268,1.669884132747856
318,61.872079267902926,0.16379772159588388,61.72714709255346,0.3766435922115094,61.08589049788082,0.8368475455111989,60.10292021064797,1.4306617812958393,59.731474589929974,1.6161446855002157
319,61.87112672580037,0.16694936237739647,61.71625966243753,0.36367007189124695,61.169505833608575,0.8038160597042245,60.16055409068476,1.4024562399997549,59.88377878358472,1.5986115871637612
320,61.87111510621201,0.15771194274544456,61.71972523700293,0.3656924252453781,61.22675866416398,0.8048130693810193,60.22378086872357,1.3787383876829888,59.94019745404932,1.6168748816793215
321,61.8672527933356,0.1735952094291412,61.728813412708874,0.34144705212968907,61.228685299419475,0.8106768729046027,60.271290517720104,1.3270923021582224,59.96391674874633,1.5993821193197446
322,61.86738584969505,0.16408305206297416,61.703754939663284,0.3639803424845733,61.28301081205893,0.7652533235935612,60.157041640603794,1.3658471786712278,59.86863372758344,1.6001531548349723
323,61.875684552839914,0.1186632064255787,61.697797441494785,0.3159902000086037,61.32443329672031,0.7421843711802154,60.0833729889118,1.3759341952295217,59.87403773499951,1.5785685107665506
324,61.86848999853735,0.11899727956277883,61.71179486372418,0.3329670793896018,61.32105187202041,0.6959722445582742,60.03009110160507,1.4206515834029652,59.87836268115185,1.566273832471951
325,61.85841308751762,0.05499649656240931,61.70352548515411,0.37668330189561655,61.29990481149272,0.7304499776693492,60.06045704118657,1.433071404677973,59.71196749699188,1.6345858851637034
326,61.858432386643166,0.0543720003669885,61.70483167321747,0.40518124864893273,61.3176547065434,0.704817449927119,60.07209435119358,1.4181631036785332,59.57995594842944,1.6454020546426393
327,61.86710834552965,0.05852811441321105,61.739790995423334,0.3589790724956485,61.36155181358346,0.7122872359105727,60.171880688793735,1.3737949047817397,59.67112937987187,1.641245162718527
328,61.86853188214569,0.0182368660124903,61.757470373389154,0.3244618776183074,61.347274577514774,0.771507983260301,60.22912702971464,1.3741164669135104,59.720817230281845,1.6140999655557497
329,61.86853354696503,0.01728264455828374,61.755566885167426,0.37933959693246555,61.376200382820784,0.7324861209852528,60.25687653276197,1.3500192864697445,59.76324077018115,1.6137032472841808
330,61.86857746592516,0.016610845983006193,61.752088533673074,0.38443217089778675,61.433347192489116,0.7091859851270738,60.35671697888667,1.3268193699587632,59.82647310053802,1.593155543587205
331,61.86852617683746,0.017607475737250092,61.75685977227369,0.40240703289524166,61.458365339479556,0.7288456949588116,60.28968959032239,1.3576044078286122,59.64071120800768,1.6134256465866512
332,61.8685443274954,0.016529283303874015,61.724789873118844,0.46716591451437206,61.43672773682936,0.7101286996916832,60.31981208405903,1.3409812148353417,59.73642800192069,1.5726635246490828
333,61.86842347695062,0.04282450500527945,61.722359218440324,0.444691912321882,61.42402455687986,0.7191116192912617,60.366859869446586,1.3322568061997393,59.74857802004892,1.635842741137365
334,61.86837913753296,0.042979350803826664,61.73558560172626,0.38329503217423616,61.36047282419409,0.7018004084353745,60.32332842761741,1.340000898051235,59.66224609824292,1.6835052849681365
335,61.868504073043965,0.016346918367098343,61.74298313546396,0.38262420773135614,61.38427594886106,0.6952252072309947,60.33559277609001,1.3145610053023538,59.76095985690323,1.626106533567559
336,61.864861039400566,0.07015599369288937,61.70966762846784,0.42939872570129484,61.327621329951334,0.7850830057406543,60.364021862833894,1.3289743332230373,59.67887686572659,1.6384255281798676
337,61.86816005575107,0.09685121462548867,61.702099368022736,0.42669549159562553,61.29844684620062,0.7772946338729293,60.39020373487469,1.317178775687654,59.727666195052635,1.6141422729326145
338,61.86036894256925,0.07149563776047434,61.69297930848352,0.4250685753539081,61.22080278603071,0.820394504792088,60.24555285618987,1.3540806362012054,59.84256500607681,1.575943628367418
339,61.860386585364964,0.0711410102892856,61.68991269272445,0.43573869790507164,61.1457202349279,0.79110300614724,60.23150571300438,1.3422078865128964,59.75274410404566,1.5912654052714064
340,61.860434837949946,0.0709621774683048,61.67726614933775,0.4314922443221249,61.20422004474537,0.7682816264266682,60.30322591933453,1.3157372835696988,59.78334008798317,1.56304763298895
341,61.860439645530334,0.070918580373078,61.65493556319059,0.4263348865470613,61.20190705277114,0.7713319760049373,60.208598538084246,1.375415647765016,59.83107478462282,1.5415894671019172
342,61.86667096133626,0.07470642932011672,61.67561509984103,0.43426166525969795,61.22628489274741,0.7360286164411677,60.35053174538419,1.3716110707379514,59.92524720638456,1.536662761686654
343,61.86668124254528,0.07456001587181367,61.68785220004488,0.4177761417001021,61.214470499975555,0.7408773188667079,60.29100992417362,1.354718544439421,59.869971016877315,1.4999452580117565
344,61.86670582659538,0.07421520074131678,61.63654518886407,0.4412811659153717,61.22534291155161,0.7030392060317432,60.34416320529602,1.3544568389205507,59.929556730627134,1.4831730423215486
345,61.866692768189985,0.07406551568080981,61.65508060723217,0.3909798894063075,61.248427207062186,0.6946736037896049,60.35865141808531,1.3275043118938656,59.91623150796551,1.4781896991224517
346,61.867904534161696,0.070796414743167,61.62071489058866,0.41649561259125867,61.19331667924279,0.7360492893240546,60.42810259881981,1.2963535425326986,59.93586576945459,1.4653605785200325
347,61.86903923709402,0.0674183580361859,61.65650663476732,0.38941642350985334,61.22162851654025,0.7475099152225416,60.41971553872887,1.347353394204181,60.03785867704889,1.4783964603239614
348,61.869041150546316,0.06737799824112563,61.61825786965369,0.4073526656009177,61.29795515112402,0.7397727763858787,60.48261751453883,1.3363602529215006,60.1083493163814,1.4661312982063353
349,61.86891006914244,0.08311852714421726,61.62786874583324,0.4093301819146818,61.30570197040054,0.7376404064028367,60.51984730803052,1.3418157542690878,60.146158858137014,1.4261951250027598
350,61.86845480139695,0.11366991697726979,61.620344592497275,0.40068627115227784,61.34537504575799,0.7228806379850021,60.51635715311044,1.294017866379438,60.164280472720286,1.4001563073805052
351,61.86868482396845,0.10152123827675445,61.62057167109451,0.39086244908232753,61.35718511370885,0.7293302872204608,60.566979836559,1.2662768856926203,60.195684410914986,1.432353747215737
352,61.878715978537954,0.11652215060808851,61.6418386589273,0.38318117713582467,61.40445398564059,0.7357019888232887,60.53731112960637,1.2488886672468016,60.16697355551492,1.45583571021866
353,61.878726232892795,0.11646042123209059,61.6131107875399,0.3616821540781743,61.368802701321634,0.7423122891933152,60.52939284165373,1.241924885164666,60.126126093485915,1.4545398846881623
354,61.86932206898168,0.1318269921335218,61.62813096966152,0.30668862337232444,61.425455686674,0.7239645856394397,60.559178959181736,1.2431446708044727,60.12332803259886,1.4324622537998788
355,61.87008472682643,0.12415368270360184,61.61952494806057,0.30197253129471885,61.31265958469771,0.7876559130753038,60.45178286904734,1.2908025732911872,60.08942740112288,1.4137270392617236
356,61.87367400656307,0.08520274989612396,61.62587456400709,0.3218289239070769,61.31120639990058,0.8019841528909808,60.4358012696716,1.3133574242892128,60.1316047720394,1.382429009064922
357,61.873932827840136,0.07083212979903247,61.62946803539085,0.3189220594474468,61.27785697465948,0.8398459705276394,60.340463716775076,1.379672278979559,60.09601304737436,1.4371702991205442
358,61.86946044093032,0.12228511228564713,61.669257854583215,0.340511815111334,61.29243717078635,0.8589188526976473,60.25801074910523,1.3436852763510776,60.07543323702033,1.3877969082580688
359,61.869472102286544,0.12228520092873478,61.674509397075916,0.34396484301189983,61.26997172044583,0.8824447139588482,60.314964294073825,1.3352818554365224,59.930088756983565,1.4179054947521754
360,61.864959474336565,0.17380601211741512,61.71278614603882,0.2953281000833128,61.18951377513954,0.9054226542622142,60.288037265548546,1.308934056184236,59.92681539397606,1.478921449332517
361,61.864971144208,0.17380612224161787,61.69970267770489,0.3221197268599894,61.23226209730327,0.885867882904433,60.39282463568912,1.287863669444557,59.88569600524444,1.4548952690808417
362,61.865046631708715,0.16868762181151445,61.69796692396806,0.33594783443277604,61.259816436213,0.8606940585636708,60.38604229738006,1.2815666057857984,59.967754784170054,1.4660330026212236
363,61.86504268466039,0.168673082894466,61.726558487244766,0.3314847010848799,61.2940229838189,0.8711509379224269,60.39379024111733,1.2787528510670794,59.884499032567575,1.5332175867974718
364,61.86967257148741,0.10872640836184229,61.73352332924516,0.33478420506694384,61.33825240932811,0.8310667555121176,60.44618034550669,1.2555813744472848,59.95989090207612,1.533330715695648
365,61.86969009740275,0.10872650510343279,61.73868240108915,0.3200363223165199,61.409789144641465,0.8179059905417149,60.44774122054399,1.2926113575920322,59.84488602054812,1.5582860171495432
366,61.869703905675166,0.10649740119392091,61.74583248068941,0.3619795363522791,61.44077043240817,0.7959270756123709,60.49189568424505,1.257108915782552,59.74542824776134,1.5970297486337968
367,61.87825985836662,0.10397392772583332,61.71527415238529,0.39092906713503467,61.47540878626361,0.780898646705304,60.59757571909031,1.2212090172999066,59.86028899483207,1.5658657325423897
368,61.87819271664675,0.10397348534174435,61.727657635869036,0.40093815318252357,61.44184054733129,0.7532251988044196,60.60782403439996,1.2257293422248157,59.72729546748801,1.6176216465649003
369,61.87803178903886,0.11326730264497897,61.730041999644214,0.4116094514603775,61.42390284689616,0.756584011722126,60.661509791001315,1.2097052116951554,59.65436866989966,1.67776959934939
370,61.87803470860982,0.11326731983383316,61.71135525377262,0.3983582397428298,61.39048853732616,0.7584763796838324,60.693558402989524,1.182601208033607,59.607123619265096,1.6668085443708245
371,61.87793865889787,0.11587241593935264,61.699284038762066,0.409209592880556,61.4046257391972,0.7946815911930921,60.79625070048556,1.1141171657728706,59.59690626132427,1.6430981759334415
372,61.87794737388032,0.11587246365230787,61.73012194122941,0.3957453081629352,61.408375770601005,0.7913288352654556,60.811964763993515,1.1330060451326232,59.537635062853674,1.6260363663977973
373,61.8633100468663,0.155027353372624,61.72592002846423,0.4179108390651262,61.387474984206335,0.8107533387122157,60.757155458838504,1.1320383151129174,59.58263442326748,1.583096965510867
374,61.866712821191236,0.11785302411818176,61.73630601060635,0.39850003016787805,61.309728618607636,0.8532065966062928,60.6405472182303,1.1561054049376247,59.59866462314255,1.5652439722000517
375,61.866715732298374,0.11785304468305362,61.725186580784865,0.405353542659234,61.3280361504457,0.8872664886256206,60.63442796452382,1.1502615708619697,59.442766584812524,1.642947579640121
376,61.865980405836694,0.12494896622245898,61.73856056942169,0.4063977564982962,61.35261275743994,0.8710942774464868,60.64283274239094,1.1697489595982378,59.60169856098402,1.5930024255369786
377,61.86587186255926,0.13165330676931658,61.73757011646536,0.39191089282229075,61.35327471030186,0.8823976077212531,60.59125803775501,1.179351229299027,59.63376196166576,1.5948172061763308
378,61.865863095382515,0.13165326361879937,61.72712221813738,0.38295426361323986,61.323447783381205,0.8843944980723423,60.597806373044385,1.1579249959268596,59.72916456384492,1.5610372775353483
379,61.8657845545812,0.1339517921924899,61.734710346489,0.3489762255223499,61.36871892364778,0.8756765771045064,60.63304026743338,1.1619540570186235,59.854458305225,1.5426447425068845
380,61.865845586343454,0.13165315773821468,61.738580548668764,0.3214940880380674,61.39321239446837,0.9041068850272139,60.632317175674636,1.1628804387530218,59.950164825912445,1.5186156132197357
381,61.86294156241829,0.14746080900387262,61.73875115095169,0.32057401852151485,61.400216941216556,0.8943582253456919,60.723155663943814,1.1847191539168112,59.888211674290446,1.5000759863680406
382,61.86787413344948,0.08276466259640809,61.756517048265934,0.3222338964294775,61.357387452117706,0.9153008667289275,60.680821813191095,1.2069003493914652,59.75692579994206,1.527370595554759
383,61.870644445240984,0.05001976453798392,61.766748794117724,0.3339152014078697,61.264139617316445,0.9461671852526338,60.7478214735302,1.1728631981943234,59.72471918777744,1.5286149548452561
384,61.871146078851545,0.05950591644791944,61.77404405683691,0.3455675269030822,61.248826239496374,0.9316870524150399,60.79522863844346,1.147096890548686,59.757697293301156,1.500733669813526
385,61.87135663921732,0.04717910678520378,61.766226282819375,0.3142040308885539,61.250893772616024,0.8870995452390827,60.82342942622052,1.1406055280524232,59.84878119874745,1.471320653009619
386,61.87142058208673,0.04266018267186608,61.779919160234186,0.3048082049031114,61.294396387260726,0.8611626818900011,60.793640504933116,1.1736811334364596,59.88255789118197,1.4645514868403622
387,61.87138113140919,0.056203680505261165,61.78575377129043,0.30666982202878973,61.290253859192916,0.8326726158383372,60.791940756715114,1.1691214734856679,59.92095525379256,1.4587912383619843
388,61.8713869706025,0.05620370159488819,61.763060490585296,0.28731406004297705,61.30772688813574,0.8530839198356794,60.82340780932022,1.1571089184444507,59.908600215555445,1.4490516064219123
389,61.871283651346616,0.06478731388173077,61.75664987081503,0.26476378061232303,61.29074991547033,0.8371463898073136,60.83808650631194,1.1745602411249536,59.87806842051407,1.5046597417935772
390,61.87098290196446,0.10386267522467,61.76068744759888,0.3121060329971708,61.27760272432108,0.8354954772397334,60.78609480907414,1.2362841926378525,59.91185620967117,1.4641273548580571
391,61.882175114742225,0.09865828247921275,61.74630981324951,0.2912089023378502,61.254504514793496,0.8566254865999969,60.79830730110231,1.2001642375781207,59.82381384364284,1.5294388961673526
392,61.87856724320848,0.13911072139910238,61.74207649074498,0.29869255013303914,61.265713509162026,0.8400103822660725,60.796336861657444,1.2140329010554953,59.77204731287728,1.5446046837710299
393,61.878673163569026,0.1020960598919876,61.77780221596317,0.3004831012050157,61.21651697710069,0.8561900519100338,60.832028948939225,1.2098355314240412,59.90213797616149,1.5057735939228711
394,61.87873006330362,0.10209794870461132,61.788824195705544,0.3339633042002752,61.228608386294745,0.8200515625948319,60.785306403267995,1.270859422798072,59.863004885242425,1.4853139490092822
395,61.87405151830423,0.1616498822971326,61.79612595802573,0.3393009561518116,61.1609059778204,0.8456592763961762,60.662877981701534,1.3017241314939554,59.87364495558277,1.4599381675876975
396,61.87405003046649,0.16281827965937376,61.74616724803035,0.35067267653671275,61.17191746317806,0.8355281561500788,60.64849117467637,1.2937850161641784,59.9083790563695,1.4804802736994933
397,61.87865057742586,0.10360963676854391,61.734284976852855,0.3609971025313565,61.16001288001961,0.8764375100936072,60.679675483163564,1.2684259711335992,59.912546415496365,1.4718001998053296
398,61.87849906492063,0.11190323712611101,61.76636748487668,0.3480780655354412,61.1805011882739,0.8873759289862612,60.651675073796795,1.2512146303531904,59.864319909087676,1.5162185383809652
399,61.878116873211724,0.12933517703612502,61.77950793586175,0.3511934107378929,61.250792035938254,0.8704238974300962,60.60157051803313,1.2558991360620502,59.78381788761735,1.5152813321635137
400,61.8781197649644,0.13091690712512102,61.80833213564462,0.3349385541930217,61.19919057851532,0.8478744433557069,60.636196433190705,1.245615208455062,59.85408825278517,1.5096196381704161
401,61.874612035800965,0.15053966378035824,61.79757872138514,0.3721651312832715,61.184144072863795,0.8393742731005585,60.67644282694774,1.22309643612463,59.91636596012095,1.5006907782679972
402,61.874805282216755,0.14485003905399543,61.80280136612381,0.3580408232605417,61.23267344196232,0.8496185862675746,60.63637860616916,1.209565745302937,59.97864076517112,1.4790553767837933
403,61.87466951963154,0.14890865905981174,61.8006252467719,0.3799077801257887,61.253357441551316,0.8567833256659371,60.64293107509166,1.2166750990361335,59.87941475292726,1.5379772810472716
404,61.87444991100833,0.1583418035232575,61.7899304957348,0.3816959027948399,61.206428723814284,0.8740987360178663,60.64740224508169,1.1909476594506956,59.91894172131214,1.5262713354148756
405,61.87454023967543,0.15784572854517367,61.82050740188336,0.3765028057169433,61.260280103797406,0.8834791600588981,60.599774874276115,1.2682288681051634,60.04425436592835,1.5017453028918235
406,61.874560437074166,0.15654046714284078,61.81297371407129,0.4133941470680047,61.287323865191446,0.8553925249420788,60.53658358231817,1.3217396986838044,59.82657003389431,1.5401078398459875
407,61.878224151148025,0.14682602799947847,61.827876742571924,0.39502975814629987,61.33614673723067,0.859519147296842,60.59213062617862,1.319011804548058,59.81063854490072,1.5434318028900018
408,61.87820915693314,0.14696965254937372,61.82186921343827,0.37190408700603,61.27576308920588,0.8739787855127968,60.553888838756905,1.3553621430713463,59.77874417130706,1.549458536993786
409,61.87802539514025,0.1376600102501792,61.79064910625768,0.41749070329230437,61.28601565419958,0.9017223333842311,60.56610877858088,1.3608285618205676,59.829469213793885,1.5360684991074625
410,61.87804189375781,0.1336443088732461,61.78100945005576,0.4591954348702991,61.22947591640736,0.9251010708434788,60.51864505905701,1.3580553420621293,59.89545357334833,1.5185866040771128
411,61.878595814755734,0.10835461137246694,61.77274591070214,0.4686822906785692,61.26905020615548,0.9253475819021181,60.44978676539072,1.3688689515985395,59.91416907086002,1.5040404264383014
412,61.87862401638823,0.11790184010493983,61.76679394871515,0.43414242195058367,61.2959494008543,0.9028207210319503,60.4429948173631,1.3504766838371285,59.9486764528014,1.4725747245409873
413,61.86639297277082,0.11720462347645444,61.772571492134546,0.410103310888581,61.26501979419061,0.893033333121462,60.46419111523538,1.3397396344465946,59.92487479014801,1.484810163463061
414,61.86650748446611,0.11127741071123017,61.759647253915915,0.40868660412532637,61.30869729393393,0.8851329002592468,60.55050951285465,1.3115893311681701,59.942766274127194,1.4918749762588674
415,61.86569184357136,0.10700477463999457,61.77376440230472,0.3898943280865825,61.31226700185336,0.8988530960764508,60.60994319890998,1.3079124421959645,60.02785856270166,1.4764208217279373
416,61.86521527965171,0.09683276489468153,61.73595715146622,0.42812638871359243,61.26577931989326,0.9092378104897213,60.678200846145934,1.2786748798866083,60.02390754667386,1.4936918056353585
417,61.86504797691952,0.13913497178187026,61.710563560305786,0.4375403686399797,61.321325626964565,0.8839867122582626,60.694039513091376,1.3031693371979325,60.06123056944153,1.4832651275067905
418,61.865080083736366,0.1391353838195067,61.68934352463263,0.4329013556062604,61.22558982893242,0.926712136700389,60.62862232078395,1.3200690833168858,60.002967943664814,1.512512319519086
419,61.862812697279104,0.14557335896703108,61.70510013010971,0.4043985445770706,61.23165809657324,0.9019988263567703,60.627809240411544,1.293186299989874,59.97604640462919,1.4867985080031716
420,61.86638877931971,0.12778763773922056,61.69046317413926,0.398711689213966,61.29137269369322,0.8455911831696544,60.634273096487824,1.2816238346888238,60.006468586152394,1.4831376259312619
421,61.86398023740299,0.16552935126459525,61.68100369661627,0.4408795317334042,61.30912285924952,0.8203229762331313,60.67559501327136,1.2726615354945106,60.03688830933749,1.4401510391419725
422,61.85318065394365,0.1671958723694665,61.69504557477101,0.4458252134563234,61.24311681932524,0.8514652242302078,60.679626539824625,1.2468613477628576,60.07035821852333,1.4335394941297859
423,61.84954511464748,0.16721403954105474,61.676475822419235,0.4255506354805298,61.32123388943095,0.8513418169883759,60.559941851187816,1.2908830268994351,60.07750635413533,1.4419218525231432
424,61.85172806313348,0.16135451292256703,61.6794103823473,0.4932287948196112,61.29611167211645,0.8385817825669707,60.62615287679582,1.257325594010018,60.16387957413982,1.4041562001945274
425,61.85195671222544,0.13581576475582938,61.69721799546822,0.4719719656610424,61.30414119530967,0.8337817362065394,60.50358139394014,1.2980420433262068,60.228345717455305,1.4187008168189694
426,61.850107634269065,0.1576354068024203,61.70864991802634,0.44436557323649756,61.3212083851057,0.8397615210762909,60.47278948558974,1.2822256196938921,60.25814487628751,1.3885596505327158
427,61.8501851975816,0.15186772487973643,61.72827345780108,0.5044583721635774,61.33525380841743,0.832264436793483,60.36588547954183,1.3441496644056603,60.20931224655173,1.3951977025851143
428,61.85018810868874,0.15186775775974357,61.693908808414655,0.5169739234002692,61.31611485019074,0.8313422961878226,60.450966407444795,1.3095589538412113,60.14320468283944,1.4252159462117338
429,61.84943343248991,0.18632182685792328,61.697592711991,0.5042009851067885,61.31990712608275,0.8106462957007148,60.43304108331184,1.350175629180905,60.104526302515275,1.4267013090563776
430,61.84458249724081,0.22199056144430881,61.68108871528362,0.49736657262552475,61.314449269277915,0.8192467853792857,60.455253011263004,1.3320409012548076,60.12763789232193,1.4456469167382187
431,61.844611684486686,0.22199106175406422,61.64776711308644,0.4916588934736912,61.372161535006725,0.7980297450263852,60.4837703390456,1.3089261994997108,60.0536521987216,1.4404363482418727
432,61.84459707816801,0.2219908099379587,61.659003899794605,0.4822285181730277,61.33397066536301,0.801605866500516,60.496596278875046,1.2938329299966573,59.92841306042196,1.5103991871959217
433,61.84458049094668,0.22331413159738447,61.6760619485943,0.4924044231261451,61.36576586168475,0.752715766803484,60.486727017484135,1.2864827066771325,60.01521231300657,1.4842325354269617
434,61.857588997835485,0.23785224109527547,61.67792762230243,0.4750655234042552,61.37870662522895,0.7379805020954078,60.41849168837872,1.2729744819285809,60.117309495538194,1.4785026701235038
435,61.857608496163955,0.2366575750147936,61.68466810160125,0.5138958866402041,61.39225690428462,0.7493387048391856,60.35876834603839,1.320627248903018,60.10486209605195,1.4872958184303322
436,61.8577758472389,0.2304291815954915,61.64450980460431,0.5330548178423519,61.38106862007441,0.7492830216601064,60.38902953897248,1.293123339773902,60.018244353027,1.548748800628766
437,61.855186491077504,0.23495697298365606,61.64803006336346,0.5294811810812441,61.34991026114715,0.8058620371423277,60.38663052506058,1.2624116513338097,60.07534104078961,1.528966491203925
438,61.865994824811615,0.2321914734584903,61.639407887645646,0.4956336293718551,61.33892145973392,0.8281833438274053,60.31185128961521,1.3223819126981182,60.00463097669911,1.5114406833720728
439,61.86824860172405,0.22639550243413664,61.650260482114795,0.4895788649110628,61.29476751851178,0.8478883800498709,60.17672437355601,1.3518404650172753,60.02087463920122,1.4892256992161557
440,61.8682748863523,0.2263959656468155,61.66729916451103,0.45027236818175154,61.3090645699209,0.8310135651246354,60.18385226552556,1.320790288259019,59.849875219159685,1.5607510708846057
441,61.86818804709797,0.22653418231925385,61.64634753796294,0.4572289428802628,61.36538444583381,0.8659981150479497,60.08030799842654,1.3490187915260066,59.957109209874034,1.5483547410733556
442,61.87079703210612,0.22194468306953274,61.636218244832236,0.44119748023313893,61.37634686411045,0.8451822624180793,59.988559123594534,1.388399369930256,60.021656029959175,1.529283681924144
443,61.87075174601899,0.22344868627166625,61.63649680980336,0.4135567183401779,61.40951342263147,0.8133153059213939,60.05471458563387,1.3582422744644689,59.98270663095974,1.5119862327166667
444,61.86631105993051,0.24699450277710513,61.635432804498635,0.4248107791210498,61.35855790923298,0.8420146399046883,60.028925141109895,1.380656263030726,59.98997835602528,1.4842322951517133
445,61.86637796467003,0.24327886004131252,61.63650245454752,0.4078160634442696,61.362330596150755,0.8263883482720203,60.115414198618964,1.3572098369482168,60.02757886381277,1.4379731001822356
446,61.86626447394261,0.24725449464241875,61.62154835712351,0.4155769288100423,61.34652263716639,0.806350814771173,60.15550291250708,1.3474763660534246,59.925747540919865,1.4955677398752574
447,61.86811006349306,0.24292804015820194,61.624054388220536,0.40846189487801293,61.2801530916687,0.8232215973044162,60.20543416303763,1.320297552286953,59.955302836622415,1.4742446470291644
448,61.851408527950404,0.2513777344602069,61.64479315474234,0.37578642365374626,61.25480365873508,0.8596362245971231,60.24643603782107,1.3187755943135488,59.92335120223467,1.4699874777446171
449,61.85549744768228,0.2455705465074106,61.64141427860762,0.38552485295344224,61.29185595476549,0.8531700717778469,60.14624610609851,1.3720162013934285,59.89252333693512,1.5381370641524317
450,61.85537494200034,0.2800473956813949,61.60777226486728,0.44717311122233555,61.27261417848378,0.8337662550147611,60.06761792692331,1.4088932595701926,59.907775198938154,1.5265030888583038
451,61.85900642228195,0.26695719958476555,61.60025055316,0.435817847389923,61.304324998766894,0.8221008235241268,60.12686972542962,1.4124899133985043,60.02441424834804,1.5048151596599377
452,61.85889727572951,0.27123009473118714,61.58400410570912,0.43613094434659166,61.2494719576994,0.8027755823330306,60.123667504354046,1.3964867800664933,60.1145968434269,1.485168990820841
453,61.86390105853061,0.2453791801009337,61.59065610958153,0.4341294583370094,61.2718206339317,0.7988230248541562,60.24151116689184,1.3866176382533297,60.08499345939001,1.486714921796299
454,61.85917933421741,0.2672664163226633,61.61190378780383,0.4215478489304658,61.268501550029086,0.77600274848935,60.091190696893186,1.4193452413415908,60.06687116214904,1.5548171058237663
455,61.85868838098009,0.2704300808314757,61.6619037956892,0.3990825393925303,61.35728067939099,0.7657541045312861,60.085706084777655,1.379076654785558,60.132384221127886,1.5636255627684692
456,61.858720496260766,0.27043079128216113,61.674445413425666,0.4398372651911184,61.352003763104555,0.7579984999707717,60.01669398399932,1.4132595500349814,60.09530773561082,1.5458150485980005
457,61.863919851548516,0.24315524831795302,61.6749213173015,0.446507789890155,61.37441176983812,0.7341950866945224,60.101356468007324,1.4325502444877245,59.93307553471293,1.5801298981061087
458,61.86391986003803,0.24315525048951156,61.674440457504645,0.5194489276119044,61.35386710822311,0.756460450554271,60.07950344030757,1.4375176423712042,59.85298584056756,1.6112897456121946
459,61.86391402089609,0.24315513206471576,61.69797218181372,0.511513763661427,61.254358831328396,0.797489777564042,60.14943183741576,1.418404893118517,59.65544999534219,1.6711309090475066
460,61.86390977760996,0.23771807938624004,61.70336193567568,0.50389334316902,61.213468056394255,0.8552235222749123,60.005268657381514,1.43567937065337,59.650109808229836,1.6533808698441652
461,61.86411392984537,0.20088599212766392,61.7368701836793,0.5197429399459426,61.24854687678818,0.8638557789035796,60.12491109144498,1.4294456203754908,59.71294818741364,1.6243770930658012
462,61.86412851923639,0.20088627193363928,61.73663543478177,0.498040895385581,61.25524597898488,0.8392921577230797,60.065084244782774,1.4412853762513336,59.880889432328466,1.5951153754539715
463,61.85940970603033,0.22182105306509245,61.69991384425883,0.48611611345396105,61.267296767282765,0.8495081431840895,60.10126222703628,1.413319335259852,59.94031646912726,1.5760022270249763
464,61.85944474088197,0.22182179814288774,61.70192277381037,0.4627684984627825,61.274724177820595,0.8540700078352254,60.11314936960542,1.3993574154755082,59.85827747971154,1.6596255295973332
465,61.859241355593014,0.234318383262874,61.70370201498007,0.4375749991116056,61.22582995696012,0.8202832192743106,60.25086238342373,1.3956006368984541,59.931633233608565,1.5917434922369482
466,61.85914219176408,0.26676013007473215,61.699361695636924,0.40591339616444994,61.281787479583144,0.8130602588804204,60.242340769599465,1.3682100425847434,60.017136675057934,1.564126887517084
467,61.86381721135421,0.2472909135770692,61.69813087538906,0.42518919754852624,61.24895330540768,0.8446024195411321,60.324995235090476,1.346652225887737,59.93821721175178,1.5797724370437296
468,61.86848054419663,0.22504009364056987,61.68674300743411,0.41805905779782804,61.31476427244898,0.8413277797020696,60.3830867131836,1.282879146660019,59.76342583271893,1.6144672203247792
469,61.87739887163163,0.14103346740638203,61.67551374416631,0.4544989315707942,61.37271958815071,0.8371785124458097,60.4807245322946,1.2348315707479582,59.81186574089769,1.6190164375121705
470,61.87752521947453,0.1353448949368772,61.632158379315165,0.4527258185961854,61.39613968067246,0.8195479863993285,60.45855774551457,1.2329711032050157,59.904241439093155,1.5715481347662301
471,61.87763316038104,0.09889631397796679,61.642102857396615,0.45961650656973285,61.40674036700785,0.8348294129965268,60.459599729253405,1.2349862513547891,59.97774501935727,1.5473272912941214
472,61.87827545027276,0.10540899735389615,61.631382544877006,0.46596959355865253,61.46790929967129,0.8151338636118574,60.36231367158578,1.2653791070844314,59.96087580394211,1.5495654884879284
473,61.87805713083482,0.12240150740274743,61.64365136192334,0.4683204814762343,61.441406203917886,0.8238148949710675,60.398202801467455,1.2355864788892295,60.06574364015477,1.5008736987865892
474,61.87790658946668,0.1262405835756577,61.65483673436851,0.43833617556013665,61.4118416131065,0.81435658540732,60.43690080680097,1.2385609255969754,60.064615548438404,1.4882994358580763
475,61.87791242860863,0.1262406093538644,61.62794547082567,0.44501703606404974,61.36796112335344,0.8067667647294748,60.47919054281121,1.225116616341203,59.95098843839928,1.533682748268246
476,61.877919092418374,0.1326314404137206,61.63762428376294,0.42468303392536,61.427816786069975,0.8081811644706657,60.55278529211848,1.2350346246462118,59.86314247023495,1.5771775202268667
477,61.88252982250828,0.07075745498440288,61.645314031432456,0.41738968358843526,61.44666251584475,0.7671865141081895,60.53039861757267,1.2184010002126198,59.9724744510819,1.5402018611329549
478,61.88253566165022,0.07075746268949647,61.65404789919376,0.40162744065420286,61.37085073314229,0.7685047396280419,60.36196192346195,1.2626911294839365,59.88469296668246,1.593252304798634
479,61.88206424088789,0.07095562102841714,61.651685798665596,0.407286379042691,61.32877436118199,0.8002259822400829,60.44549442870445,1.2614087163253516,59.91369135644332,1.5652086667265515
480,61.87848808690634,0.10048161102841417,61.644035412294336,0.422652272090182,61.32096149048599,0.8092046477294851,60.534727838162546,1.264284569166928,59.799262994677,1.625041733597664
481,61.87622435059084,0.06503851799036181,61.61267175696818,0.4042210896291199,61.28207933885081,0.7976316102272957,60.475070072916296,1.248466493803023,59.76525121933469,1.5626265559336814
482,61.87617181665236,0.06503846312388775,61.652069865187684,0.4060544542127986,61.24502274286578,0.8484006168545638,60.49637786816965,1.2305579157926887,59.739564845126935,1.5429111308206895
483,61.87348275813822,0.10930621240494533,61.65086538549245,0.3959636989301322,61.22885548338306,0.8778429652341214,60.55954106894629,1.205292595119662,59.790979547263206,1.5476228701544168
484,61.87383772780035,0.08392744810026405,61.69510271419222,0.3885911811958691,61.24576490415399,0.8607926422185077,60.61818748891683,1.1714546477515881,59.901111783969476,1.5318078147242105
485,61.86977255110344,0.15581333857919874,61.672046163958,0.4051470397286198,61.25152273416519,0.877065122253072,60.51266940020889,1.221910391256487,59.868195119235075,1.5479287340453702
486,61.85647220265892,0.16374752994672523,61.66585422558412,0.4182645703955504,61.24150178049311,0.8455733460908815,60.55996244389072,1.2546852636162023,59.816587036147425,1.5327313983224258
487,61.85906929680164,0.1277302646979621,61.66819070690962,0.44958166605833766,61.20240600461216,0.8603617577662092,60.589881829427384,1.2535038731760089,59.78045942863134,1.5726869349043984
488,61.86314907989429,0.05367575507066016,61.66856841622756,0.4330124471630415,61.226809932765185,0.8737208416912562,60.61299669045198,1.2649541624132121,59.73780500327019,1.590892259319487
489,61.862398843490375,0.06760277165106068,61.72070842115994,0.41992808598686954,61.26666545353245,0.8543953030004255,60.59563793656231,1.2955801177730373,59.53233371238487,1.6691952102501422
490,61.86236730937616,0.09725579240442385,61.72537529966005,0.4289325038321546,61.2817891826888,0.8202546466012687,60.6404771233713,1.2684531830135746,59.34678564129025,1.7456503961753913
491,61.86239294220193,0.06760272866382418,61.70702381372778,0.41222512288623214,61.330135091369954,0.7826287340564416,60.62383265837157,1.3512207788007664,59.401504035732785,1.7026353007179538
492,61.86157630112814,0.083941115253727,61.68628196964825,0.41145743674801655,61.314189206399334,0.7560310790882269,60.61967963449231,1.3390097715250417,59.31067844110175,1.7229478545402763
493,61.8499965747979,0.082610005975268,61.678980479348525,0.42020174933001125,61.315494655520624,0.7583350636792123,60.66504035184566,1.2941974317044516,59.39032530974161,1.6899497424378496
494,61.84647423612195,0.12178415659840074,61.65707199156334,0.42102651238277683,61.29558788403346,0.7658705312086521,60.599459386666936,1.3238511917984914,59.45964076802412,1.674757565777485
495,61.840619353215885,0.16164729825037916,61.652003766169514,0.415989131165019,61.27808577047312,0.7780915037971908,60.60429934205003,1.3143253219330142,59.48394884077914,1.7080048751128871
496,61.84633162519165,0.16261501906986917,61.63912457948801,0.4275379565832937,61.25926145840748,0.7736361697777726,60.568316711986874,1.3557608403485244,59.58262125079021,1.6644356277225933
497,61.850175163401715,0.15588161984741536,61.63881950282028,0.430566280006402,61.27985740323926,0.7624745124635609,60.559808898856424,1.3311318251354438,59.7068122089515,1.6563321575928365
498,61.86201673474995,0.20967277033642706,61.678637015317484,0.4295245922051317,61.301695578124765,0.739834820750615,60.54815183819112,1.3156304391236262,59.8095696797134,1.6169748218549254
499,61.862911499268215,0.1652778425721457,61.70760273151625,0.4487356237190164,61.370652564087386,0.7214122067970098,60.55497453829706,1.3023609543683827,59.9256594396195,1.592650011395888
